"","IND","PHENO"
"IND1","IND1",21.5752868681315
"IND2","IND2",25.396909394363
"IND3","IND3",28.7707160567938
"IND4","IND4",21.5190009314199
"IND5","IND5",19.4906440665598
"IND6","IND6",22.1121333465099
"IND7","IND7",21.601351446521
"IND8","IND8",27.6125202610098
"IND9","IND9",27.8106227027157
"IND10","IND10",28.0201200211416
"IND11","IND11",24.1188264023453
"IND12","IND12",22.0382177321901
"IND13","IND13",26.35929808488
"IND14","IND14",20.9640828496572
"IND15","IND15",28.3853175416882
"IND16","IND16",24.4951680327767
"IND17","IND17",30.1473542963469
"IND18","IND18",25.0662885833004
"IND19","IND19",25.2351300761661
"IND20","IND20",26.7802577450602
"IND21","IND21",29.9412497782049
"IND22","IND22",21.7952643035218
"IND23","IND23",23.7501867178794
"IND24","IND24",24.777550942831
"IND25","IND25",19.6692843264677
"IND26","IND26",25.7784912841075
"IND27","IND27",23.7883057998208
"IND28","IND28",26.3136518627023
"IND29","IND29",28.021420692778
"IND30","IND30",23.1248204616405
"IND31","IND31",26.8171344231296
"IND32","IND32",28.9483448927869
"IND33","IND33",21.339515971471
"IND34","IND34",20.143281170988
"IND35","IND35",20.8908885498144
"IND36","IND36",25.9804470074244
"IND37","IND37",26.7257958120567
"IND38","IND38",19.6815553930442
"IND39","IND39",23.997125471198
"IND40","IND40",28.4277744177425
"IND41","IND41",28.2120377564804
"IND42","IND42",24.323650126568
"IND43","IND43",24.2931968251417
"IND44","IND44",21.4096258016637
"IND45","IND45",24.1025486361715
"IND46","IND46",24.7863821164109
"IND47","IND47",24.5918344653286
"IND48","IND48",24.7278997020707
"IND49","IND49",28.1069072585239
"IND50","IND50",22.0861639744935
"IND51","IND51",28.5030825041637
"IND52","IND52",27.3575764773517
"IND53","IND53",25.4444036869147
"IND54","IND54",30.6460696504968
"IND55","IND55",24.1384631859691
"IND56","IND56",23.89034338683
"IND57","IND57",24.9203246628171
"IND58","IND58",26.1533112847922
"IND59","IND59",27.7134850346798
"IND60","IND60",23.6455823514967
"IND61","IND61",24.4858061019789
"IND62","IND62",23.2976110772786
"IND63","IND63",26.8225032129848
"IND64","IND64",24.7106814207434
"IND65","IND65",22.0260651455972
"IND66","IND66",28.1960175644202
"IND67","IND67",26.5192430652417
"IND68","IND68",25.2657439967879
"IND69","IND69",23.7933738891202
"IND70","IND70",21.6230049942904
"IND71","IND71",21.4480123742725
"IND72","IND72",25.0652658378583
"IND73","IND73",21.1627384717656
"IND74","IND74",23.4134302472676
"IND75","IND75",28.0182446435424
"IND76","IND76",24.5507940887198
"IND77","IND77",23.3979843756309
"IND78","IND78",29.9721011002404
"IND79","IND79",22.6898383988795
"IND80","IND80",24.9093600165294
"IND81","IND81",25.1174910767991
"IND82","IND82",20.871357563074
"IND83","IND83",24.9204038023068
"IND84","IND84",29.6544380461749
"IND85","IND85",23.5778274303616
"IND86","IND86",26.5161318698844
"IND87","IND87",21.5250395172266
"IND88","IND88",25.1943019358507
"IND89","IND89",23.4372919037158
"IND90","IND90",28.431601048476
"IND91","IND91",20.6775941103254
"IND92","IND92",21.5522391582393
"IND93","IND93",23.8789970295152
"IND94","IND94",27.7655813829291
"IND95","IND95",25.9612839675041
"IND96","IND96",23.9153350872403
"IND97","IND97",19.9800452432671
"IND98","IND98",25.1329487077845
"IND99","IND99",22.3438041612745
"IND100","IND100",25.477453021271
"IND101","IND101",20.3969416085639
"IND102","IND102",27.1117295731689
"IND103","IND103",26.4333073647173
"IND104","IND104",18.1502276654997
"IND105","IND105",21.4540611267146
"IND106","IND106",27.3095493764695
"IND107","IND107",25.1602745609948
"IND108","IND108",21.8756779819372
"IND109","IND109",23.9301344061431
"IND110","IND110",28.5279892313745
"IND111","IND111",23.9042940650613
"IND112","IND112",25.0701591675297
"IND113","IND113",19.6285684267991
"IND114","IND114",23.2963637947007
"IND115","IND115",25.8088561506136
"IND116","IND116",25.6576510054837
"IND117","IND117",19.967640017323
"IND118","IND118",30.4242021232091
"IND119","IND119",28.6908652042656
"IND120","IND120",33.2978600161649
"IND121","IND121",25.760656176845
"IND122","IND122",25.6000095593569
"IND123","IND123",23.6887377543814
"IND124","IND124",23.6102593487957
"IND125","IND125",22.7674011837796
"IND126","IND126",23.5044527972457
"IND127","IND127",21.522116771941
"IND128","IND128",27.135978904882
"IND129","IND129",27.3705317995186
"IND130","IND130",28.3779766473627
"IND131","IND131",26.2251619099144
"IND132","IND132",23.9684515066069
"IND133","IND133",20.0431601140234
"IND134","IND134",27.6836660192705
"IND135","IND135",25.9953023716945
"IND136","IND136",26.063265585202
"IND137","IND137",24.2065758172742
"IND138","IND138",24.2205043527108
"IND139","IND139",16.2896028267944
"IND140","IND140",27.1197838310292
"IND141","IND141",25.5959067596476
"IND142","IND142",27.1115120672294
"IND143","IND143",22.4688094435333
"IND144","IND144",25.905155389403
"IND145","IND145",26.0061874388202
"IND146","IND146",30.987827213625
"IND147","IND147",24.6477104390185
"IND148","IND148",22.3213607128992
"IND149","IND149",27.9799461663581
"IND150","IND150",26.2675103989939
"IND151","IND151",19.2600099166052
"IND152","IND152",23.9611478791165
"IND153","IND153",19.2472367818783
"IND154","IND154",22.3085720195766
"IND155","IND155",22.8332748678171
"IND156","IND156",27.0864527749115
"IND157","IND157",26.9961321791564
"IND158","IND158",26.2575326010711
"IND159","IND159",27.3428885522123
"IND160","IND160",23.1420221116866
"IND161","IND161",23.3017068196841
"IND162","IND162",21.3943510575678
"IND163","IND163",20.7976043619868
"IND164","IND164",22.6207225303289
"IND165","IND165",25.8118342210251
"IND166","IND166",19.082508525219
"IND167","IND167",24.1362635718058
"IND168","IND168",23.712688080397
"IND169","IND169",28.5726201130194
"IND170","IND170",26.9493280307989
"IND171","IND171",26.0343219535232
"IND172","IND172",31.8405246955636
"IND173","IND173",28.235223326058
"IND174","IND174",23.4008416588676
"IND175","IND175",23.6049696425311
"IND176","IND176",27.3335910845289
"IND177","IND177",24.4262041179084
"IND178","IND178",20.8612688925942
"IND179","IND179",29.7943229001749
"IND180","IND180",21.6431958980373
"IND181","IND181",28.3972990592342
"IND182","IND182",27.2700521286358
"IND183","IND183",28.9130197774743
"IND184","IND184",23.3734655336095
"IND185","IND185",25.2109001882168
"IND186","IND186",22.4619247477854
"IND187","IND187",23.7396561418575
"IND188","IND188",23.3141953058649
"IND189","IND189",22.9571884620231
"IND190","IND190",29.1947300437024
"IND191","IND191",27.9433215080919
"IND192","IND192",25.0021520308627
"IND193","IND193",23.2835394822353
"IND194","IND194",24.1359695665443
"IND195","IND195",22.0422035580535
"IND196","IND196",19.5157871545897
"IND197","IND197",20.0975931450027
"IND198","IND198",24.3795240437906
"IND199","IND199",25.8307392714304
"IND200","IND200",20.1041087388999
"IND201","IND201",21.2751632808344
"IND202","IND202",16.9137168480735
"IND203","IND203",25.1616736504855
"IND204","IND204",23.6275463483544
"IND205","IND205",21.7460694274402
"IND206","IND206",25.063825287952
"IND207","IND207",18.0506811938327
"IND208","IND208",24.8137890754849
"IND209","IND209",29.3097298485504
"IND210","IND210",21.7888140492077
"IND211","IND211",25.868605261027
"IND212","IND212",21.5946138463799
"IND213","IND213",27.3990455777081
"IND214","IND214",22.9715843505709
"IND215","IND215",29.5762467056228
"IND216","IND216",20.6498141624014
"IND217","IND217",24.6673429573371
"IND218","IND218",21.7261501631034
"IND219","IND219",25.4007022026603
"IND220","IND220",27.8515371613833
"IND221","IND221",22.3697894490058
"IND222","IND222",27.756961341735
"IND223","IND223",26.5102784979881
"IND224","IND224",21.3067982238615
"IND225","IND225",27.3232308731523
"IND226","IND226",27.3958540434304
"IND227","IND227",29.6930087288964
"IND228","IND228",24.8142287645466
"IND229","IND229",25.326707838396
"IND230","IND230",25.8405464534223
"IND231","IND231",19.18937754063
"IND232","IND232",22.4464241064378
"IND233","IND233",26.1295150660774
"IND234","IND234",22.3793135659763
"IND235","IND235",23.2082120452099
"IND236","IND236",27.3829956848124
"IND237","IND237",24.0281339245272
"IND238","IND238",27.2575401266571
"IND239","IND239",23.2388827532676
"IND240","IND240",28.0937745017796
"IND241","IND241",22.313806495392
"IND242","IND242",25.7318761235778
"IND243","IND243",22.8375895608285
"IND244","IND244",22.0525479665546
"IND245","IND245",29.4911310450564
"IND246","IND246",23.5836374249699
"IND247","IND247",22.6856785976857
"IND248","IND248",26.646445551786
"IND249","IND249",22.5660026238697
"IND250","IND250",20.4127558542246
"IND251","IND251",25.1602377857447
"IND252","IND252",26.4874305963771
"IND253","IND253",24.0202461088493
"IND254","IND254",17.175593636708
"IND255","IND255",24.7849806014441
"IND256","IND256",23.7396805559293
"IND257","IND257",31.8068614070355
"IND258","IND258",24.3514322044482
"IND259","IND259",27.0665773409792
"IND260","IND260",25.6689887330008
"IND261","IND261",25.231108237458
"IND262","IND262",27.9212054182254
"IND263","IND263",23.0345950474476
"IND264","IND264",26.2875539288611
"IND265","IND265",24.8926173970235
"IND266","IND266",18.9211880927496
"IND267","IND267",25.050906631585
"IND268","IND268",24.3466394156104
"IND269","IND269",21.9109047099335
"IND270","IND270",20.537395734975
"IND271","IND271",19.6831963861721
"IND272","IND272",20.7117562769342
"IND273","IND273",18.3437641819304
"IND274","IND274",24.9601084847426
"IND275","IND275",22.0456298430983
"IND276","IND276",31.4070378224095
"IND277","IND277",21.6549533103488
"IND278","IND278",19.9635322708626
"IND279","IND279",23.2419712797992
"IND280","IND280",23.7796538748329
"IND281","IND281",29.3889751248866
"IND282","IND282",24.1246545910396
"IND283","IND283",19.0453453108789
"IND284","IND284",22.1934706734378
"IND285","IND285",25.8737374468116
"IND286","IND286",26.4017392897268
"IND287","IND287",21.6904321814883
"IND288","IND288",24.4119843331058
"IND289","IND289",29.591779412118
"IND290","IND290",20.5115377351656
"IND291","IND291",19.8873394699364
"IND292","IND292",23.0975344417531
"IND293","IND293",29.9990241925954
"IND294","IND294",22.1666672023127
"IND295","IND295",23.6761628161128
"IND296","IND296",26.0216914469173
"IND297","IND297",21.0109487268712
"IND298","IND298",26.5554711827714
"IND299","IND299",22.3088838592567
"IND300","IND300",27.3838395539712
"IND301","IND301",24.2439721165327
"IND302","IND302",25.2637719614049
"IND303","IND303",27.6523261985501
"IND304","IND304",21.2976964888638
"IND305","IND305",27.3949683637503
"IND306","IND306",23.812390409767
"IND307","IND307",27.4529428458106
"IND308","IND308",21.3517537273075
"IND309","IND309",21.6214617524288
"IND310","IND310",29.3631907083469
"IND311","IND311",26.2735679626706
"IND312","IND312",31.3592115039409
"IND313","IND313",27.7925979729744
"IND314","IND314",21.3516432940267
"IND315","IND315",29.9501440911519
"IND316","IND316",22.5170099567269
"IND317","IND317",24.0046674546245
"IND318","IND318",25.7474691512601
"IND319","IND319",23.1092938938462
"IND320","IND320",24.0606473700065
"IND321","IND321",22.8781727433405
"IND322","IND322",23.2240790303433
"IND323","IND323",22.0144443156375
"IND324","IND324",25.7296701184555
"IND325","IND325",29.8456387839658
"IND326","IND326",24.3344343495496
"IND327","IND327",23.053769389286
"IND328","IND328",27.7105223249798
"IND329","IND329",26.364511588298
"IND330","IND330",27.2014445817218
"IND331","IND331",28.6679318008094
"IND332","IND332",21.729101898667
"IND333","IND333",24.4770721946063
"IND334","IND334",24.1863707961896
"IND335","IND335",23.3197506572932
"IND336","IND336",18.5832342388457
"IND337","IND337",26.4870419722012
"IND338","IND338",21.3761066956775
"IND339","IND339",29.1803621425658
"IND340","IND340",22.5426766356165
"IND341","IND341",25.1815420132564
"IND342","IND342",23.6537117180622
"IND343","IND343",24.1592850483894
"IND344","IND344",26.5145193537579
"IND345","IND345",30.8923364477569
"IND346","IND346",23.2880402117903
"IND347","IND347",22.964286803316
"IND348","IND348",29.1086162213276
"IND349","IND349",19.7236057374507
"IND350","IND350",25.8191096554566
"IND351","IND351",17.4350893558987
"IND352","IND352",23.0336980182911
"IND353","IND353",26.582335765519
"IND354","IND354",27.4083984818076
"IND355","IND355",27.5580482771334
"IND356","IND356",28.2519103880545
"IND357","IND357",24.8876530911483
"IND358","IND358",24.8984408613722
"IND359","IND359",29.9015404132671
"IND360","IND360",20.0274401048173
"IND361","IND361",21.5459882226455
"IND362","IND362",26.7539972066023
"IND363","IND363",25.9334115827908
"IND364","IND364",24.5678648254399
"IND365","IND365",21.5274091889399
"IND366","IND366",24.9836777792561
"IND367","IND367",26.035705266038
"IND368","IND368",24.0394426813851
"IND369","IND369",24.8481557492895
"IND370","IND370",22.6942284770515
"IND371","IND371",20.7819102590461
"IND372","IND372",27.6850958129475
"IND373","IND373",28.4963052575363
"IND374","IND374",26.2294042261073
"IND375","IND375",26.1119210987938
"IND376","IND376",26.9574155203367
"IND377","IND377",26.8691337852403
"IND378","IND378",24.6106225645057
"IND379","IND379",20.7272792260815
"IND380","IND380",28.2577896382895
"IND381","IND381",27.5705373148016
"IND382","IND382",26.5560391841551
"IND383","IND383",28.5075351792806
"IND384","IND384",19.1413768985819
"IND385","IND385",24.2147904706834
"IND386","IND386",24.6611041223004
"IND387","IND387",26.850965126982
"IND388","IND388",29.0253149064016
"IND389","IND389",30.8987430515878
"IND390","IND390",20.6281773362578
"IND391","IND391",19.2988801184017
"IND392","IND392",25.0751797341627
"IND393","IND393",20.0994754043828
"IND394","IND394",25.481102883459
"IND395","IND395",22.5502305054952
"IND396","IND396",23.7249326013341
"IND397","IND397",22.4474266006834
"IND398","IND398",27.7468919978019
"IND399","IND399",27.3147538259474
"IND400","IND400",23.3780713926572
"IND401","IND401",27.2265112207579
"IND402","IND402",19.631739372035
"IND403","IND403",27.7284000275417
"IND404","IND404",28.3371284908929
"IND405","IND405",16.3099027699029
"IND406","IND406",23.5028112185401
"IND407","IND407",30.1269814089856
"IND408","IND408",26.1501092932093
"IND409","IND409",24.5030343486825
"IND410","IND410",17.3499067065037
"IND411","IND411",25.9882200065345
"IND412","IND412",23.6860263627481
"IND413","IND413",23.9052855842382
"IND414","IND414",25.1978208114103
"IND415","IND415",25.2768469912765
"IND416","IND416",22.8391431179909
"IND417","IND417",23.518804860092
"IND418","IND418",25.4164994152893
"IND419","IND419",25.0334263924038
"IND420","IND420",26.8868740456167
"IND421","IND421",26.4053880102213
"IND422","IND422",22.1050484864644
"IND423","IND423",26.0907831425341
"IND424","IND424",23.8521607563794
"IND425","IND425",30.2863172475058
"IND426","IND426",23.4422773105498
"IND427","IND427",25.3223135357742
"IND428","IND428",26.8273165142197
"IND429","IND429",20.6057502065898
"IND430","IND430",21.5872379158171
"IND431","IND431",23.7047361279009
"IND432","IND432",21.5964078014422
"IND433","IND433",23.4393970555651
"IND434","IND434",21.5329711321356
"IND435","IND435",23.9177865341461
"IND436","IND436",22.9281284037987
"IND437","IND437",24.9847615065544
"IND438","IND438",19.086351411879
"IND439","IND439",22.3377656661065
"IND440","IND440",29.2011975411937
"IND441","IND441",26.7323332411645
"IND442","IND442",23.0625832906328
"IND443","IND443",22.6808604358024
"IND444","IND444",23.7638147171365
"IND445","IND445",17.8309134349919
"IND446","IND446",25.8375345188835
"IND447","IND447",25.5231401359312
"IND448","IND448",24.5838211644887
"IND449","IND449",30.0435331262159
"IND450","IND450",21.8738601306109
"IND451","IND451",26.4154710884406
"IND452","IND452",25.0539454052833
"IND453","IND453",22.989189624869
"IND454","IND454",20.8507849518236
"IND455","IND455",26.7993040944557
"IND456","IND456",22.1320727945819
"IND457","IND457",27.2001616809731
"IND458","IND458",21.908391818359
"IND459","IND459",25.7249042731747
"IND460","IND460",24.5871172249064
"IND461","IND461",24.4293712623421
"IND462","IND462",22.1418550211684
"IND463","IND463",26.907571998849
"IND464","IND464",24.6036579493402
"IND465","IND465",21.5816806364461
"IND466","IND466",26.080611421055
"IND467","IND467",24.575048020106
"IND468","IND468",21.8657381794285
"IND469","IND469",25.0127954266847
"IND470","IND470",25.0711834680334
"IND471","IND471",18.6844915950065
"IND472","IND472",23.497539609433
"IND473","IND473",20.6408874715285
"IND474","IND474",22.8995361464256
"IND475","IND475",19.1290139767586
"IND476","IND476",26.7290321228938
"IND477","IND477",18.9476794217131
"IND478","IND478",23.2021956174871
"IND479","IND479",18.7120105701853
"IND480","IND480",26.9902474307522
"IND481","IND481",22.300889102532
"IND482","IND482",24.8955788024055
"IND483","IND483",22.6816391736751
"IND484","IND484",21.7965444299076
"IND485","IND485",26.2191479557284
"IND486","IND486",25.0014502076097
"IND487","IND487",22.9134029595379
"IND488","IND488",26.251953792604
"IND489","IND489",28.6203784808642
"IND490","IND490",27.3106504615769
"IND491","IND491",25.497209592234
"IND492","IND492",24.3401008310756
"IND493","IND493",29.6388514907721
"IND494","IND494",21.5863479558884
"IND495","IND495",24.9289642010657
"IND496","IND496",23.8159023106075
"IND497","IND497",25.8282343459215
"IND498","IND498",24.1568284204441
"IND499","IND499",23.5043072414551
"IND500","IND500",30.824664276127
"IND501","IND501",28.4897861017905
"IND502","IND502",28.6508373492768
"IND503","IND503",27.3898807344818
"IND504","IND504",22.2239049630974
"IND505","IND505",22.0916167437724
"IND506","IND506",26.1339639222863
"IND507","IND507",23.257384273731
"IND508","IND508",23.5396015932197
"IND509","IND509",24.9643693676412
"IND510","IND510",28.7405510836732
"IND511","IND511",23.4284303542266
"IND512","IND512",25.2503648362152
"IND513","IND513",29.4578968033966
"IND514","IND514",26.2674706614953
"IND515","IND515",26.2781223405804
"IND516","IND516",26.2839108582954
"IND517","IND517",23.3897166399067
"IND518","IND518",27.4586534961542
"IND519","IND519",24.517616257555
"IND520","IND520",28.2322124089894
"IND521","IND521",29.4599099954165
"IND522","IND522",19.9802175841659
"IND523","IND523",25.6431386213035
"IND524","IND524",26.6060671439889
"IND525","IND525",24.8770811036834
"IND526","IND526",24.0727284376173
"IND527","IND527",31.2910274339363
"IND528","IND528",23.4265603574925
"IND529","IND529",20.5901917289018
"IND530","IND530",25.1620845691075
"IND531","IND531",22.6743003327978
"IND532","IND532",25.0344625448776
"IND533","IND533",23.1001580909527
"IND534","IND534",24.4205568365503
"IND535","IND535",29.5616992072546
"IND536","IND536",25.0127350865
"IND537","IND537",21.4305648717737
"IND538","IND538",18.9675994471407
"IND539","IND539",25.2796562297905
"IND540","IND540",25.3612759916586
"IND541","IND541",23.5070345118246
"IND542","IND542",24.9690966654121
"IND543","IND543",27.608656681779
"IND544","IND544",26.5171182908661
"IND545","IND545",28.2717183574324
"IND546","IND546",24.5631470745049
"IND547","IND547",22.9942333275676
"IND548","IND548",22.4322744875572
"IND549","IND549",25.811398420412
"IND550","IND550",25.6976963818788
"IND551","IND551",24.9780818968687
"IND552","IND552",21.2952139475648
"IND553","IND553",20.5528439383005
"IND554","IND554",25.6619828711283
"IND555","IND555",24.6422988610635
"IND556","IND556",23.7888278791927
"IND557","IND557",23.8474032768195
"IND558","IND558",25.9614297317217
"IND559","IND559",24.2299176318522
"IND560","IND560",25.2958398733501
"IND561","IND561",22.3405291605095
"IND562","IND562",25.8869063721435
"IND563","IND563",25.7909104937918
"IND564","IND564",25.6487389382752
"IND565","IND565",25.42972227974
"IND566","IND566",24.6354610434277
"IND567","IND567",20.7230800804888
"IND568","IND568",22.5044175129094
"IND569","IND569",21.8506609912646
"IND570","IND570",30.6053594297087
"IND571","IND571",28.0800706357433
"IND572","IND572",28.8876342505911
"IND573","IND573",21.4144056546924
"IND574","IND574",22.4986773445751
"IND575","IND575",30.9830970209104
"IND576","IND576",30.2565226232437
"IND577","IND577",28.6255380586626
"IND578","IND578",23.0290999254089
"IND579","IND579",23.5820664814685
"IND580","IND580",25.3477811736212
"IND581","IND581",27.0196998813159
"IND582","IND582",23.2667664017527
"IND583","IND583",22.6828188514883
"IND584","IND584",30.5986370088288
"IND585","IND585",17.4896723374987
"IND586","IND586",26.0576587188682
"IND587","IND587",18.8044910524038
"IND588","IND588",29.1850221364903
"IND589","IND589",27.2296604061102
"IND590","IND590",29.9470708921155
"IND591","IND591",23.2098648787578
"IND592","IND592",29.6045012922795
"IND593","IND593",23.8522875540775
"IND594","IND594",22.4975056150472
"IND595","IND595",25.9451275088058
"IND596","IND596",27.3268536942999
"IND597","IND597",20.3648682120902
"IND598","IND598",23.6902713294558
"IND599","IND599",25.7376295520822
"IND600","IND600",24.5193269870212
"IND601","IND601",23.0134272165377
"IND602","IND602",25.3579286249996
"IND603","IND603",21.428855656638
"IND604","IND604",21.8369995060081
"IND605","IND605",24.0726905079254
"IND606","IND606",21.2205825463325
"IND607","IND607",24.7529205207201
"IND608","IND608",24.9343124146341
"IND609","IND609",26.1556892855879
"IND610","IND610",19.0439046568173
"IND611","IND611",26.2853272469763
"IND612","IND612",21.0603136938066
"IND613","IND613",25.3091764254323
"IND614","IND614",26.8762493851699
"IND615","IND615",24.6520808406079
"IND616","IND616",25.8643221436625
"IND617","IND617",24.2239034052238
"IND618","IND618",24.1545174845545
"IND619","IND619",24.8636637689556
"IND620","IND620",25.9947080223522
"IND621","IND621",20.2988515970587
"IND622","IND622",21.3118328495824
"IND623","IND623",20.4747364920646
"IND624","IND624",23.4332411760555
"IND625","IND625",19.4902973812837
"IND626","IND626",24.2558673737945
"IND627","IND627",23.8381759076692
"IND628","IND628",26.908097643133
"IND629","IND629",24.3025117931761
"IND630","IND630",24.6948183214257
"IND631","IND631",22.5642857327232
"IND632","IND632",20.3145536776686
"IND633","IND633",21.562196634892
"IND634","IND634",28.0491125390265
"IND635","IND635",28.8468334431127
"IND636","IND636",23.0246453293296
"IND637","IND637",27.4800711881437
"IND638","IND638",24.7822403807039
"IND639","IND639",21.263634222117
"IND640","IND640",23.0189726133678
"IND641","IND641",21.6636093862941
"IND642","IND642",22.7277746139027
"IND643","IND643",22.9034260055242
"IND644","IND644",21.6940890670037
"IND645","IND645",18.5323680821618
"IND646","IND646",27.8475275911749
"IND647","IND647",25.3681369623049
"IND648","IND648",25.5518628942789
"IND649","IND649",28.8192686983122
"IND650","IND650",22.137903512528
"IND651","IND651",21.705653358863
"IND652","IND652",23.2579602994155
"IND653","IND653",26.8610939248258
"IND654","IND654",28.2604374962888
"IND655","IND655",22.6309653072711
"IND656","IND656",25.6597390300736
"IND657","IND657",25.1922192576942
"IND658","IND658",27.7401184348212
"IND659","IND659",27.3124132727403
"IND660","IND660",23.3806335716091
"IND661","IND661",27.8658130107767
"IND662","IND662",26.0019042443242
"IND663","IND663",26.9853940148881
"IND664","IND664",23.359815744665
"IND665","IND665",25.0101910669904
"IND666","IND666",21.7398696501275
"IND667","IND667",25.8456394898392
"IND668","IND668",28.382228749022
"IND669","IND669",19.9287677872073
"IND670","IND670",28.6376732252042
"IND671","IND671",22.7420670974559
"IND672","IND672",24.6133010464234
"IND673","IND673",23.9159264897543
"IND674","IND674",21.3069647052285
"IND675","IND675",25.4245104022461
"IND676","IND676",25.9071798387794
"IND677","IND677",23.8982396918058
"IND678","IND678",22.7567027975261
"IND679","IND679",21.6092654418885
"IND680","IND680",24.7815701198708
"IND681","IND681",23.0446497838115
"IND682","IND682",27.2524493074857
"IND683","IND683",27.7377911920459
"IND684","IND684",24.4586244500162
"IND685","IND685",26.9995603648477
"IND686","IND686",25.6140915950781
"IND687","IND687",28.5879510576339
"IND688","IND688",21.5684149755833
"IND689","IND689",26.0356030550721
"IND690","IND690",24.1732315965534
"IND691","IND691",29.0856879106852
"IND692","IND692",30.3482383346721
"IND693","IND693",27.8910523278673
"IND694","IND694",19.875835411266
"IND695","IND695",24.3582197778901
"IND696","IND696",16.2337939357797
"IND697","IND697",23.5823460619297
"IND698","IND698",26.7631814226465
"IND699","IND699",21.6739447508475
"IND700","IND700",25.8651059925216
"IND701","IND701",24.6500386483026
"IND702","IND702",24.9110566631117
"IND703","IND703",27.6381381058898
"IND704","IND704",21.4553813162728
"IND705","IND705",19.6636039095346
"IND706","IND706",24.7173308631974
"IND707","IND707",29.8940153588501
"IND708","IND708",23.0221449511861
"IND709","IND709",20.4318421294966
"IND710","IND710",23.8246702364637
"IND711","IND711",24.7859958273594
"IND712","IND712",24.5172437849698
"IND713","IND713",25.897904519647
"IND714","IND714",20.1797821143604
"IND715","IND715",26.5939285176706
"IND716","IND716",21.2656305756304
"IND717","IND717",22.3974615196798
"IND718","IND718",22.7621799870294
"IND719","IND719",27.7546584968074
"IND720","IND720",24.1121877753611
"IND721","IND721",27.8551649834899
"IND722","IND722",27.4344099277947
"IND723","IND723",19.7370455226068
"IND724","IND724",22.134920963001
"IND725","IND725",26.8544871809295
"IND726","IND726",26.9052190901437
"IND727","IND727",24.6448475187105
"IND728","IND728",29.1255076640899
"IND729","IND729",21.420169452855
"IND730","IND730",27.6147604012255
"IND731","IND731",23.6493610274841
"IND732","IND732",24.3886597054867
"IND733","IND733",26.7976870926374
"IND734","IND734",26.4046382876004
"IND735","IND735",22.2830403101443
"IND736","IND736",24.5644775728031
"IND737","IND737",23.1088611616203
"IND738","IND738",19.811454930166
"IND739","IND739",21.7137035365153
"IND740","IND740",21.461561364527
"IND741","IND741",24.9558137611216
"IND742","IND742",20.4842145352691
"IND743","IND743",24.5195708723363
"IND744","IND744",24.8333186190731
"IND745","IND745",31.2111529390466
"IND746","IND746",26.2255620989334
"IND747","IND747",26.2485970905874
"IND748","IND748",22.5945337408064
"IND749","IND749",23.2049584527676
"IND750","IND750",28.9125786766749
"IND751","IND751",26.2822822265326
"IND752","IND752",25.9680084821102
"IND753","IND753",25.2479608470077
"IND754","IND754",20.0050482920788
"IND755","IND755",27.3081356441993
"IND756","IND756",28.9899748809354
"IND757","IND757",29.3810221788675
"IND758","IND758",21.2203027116493
"IND759","IND759",23.8591520587197
"IND760","IND760",24.2095006441434
"IND761","IND761",25.5276866519031
"IND762","IND762",23.3780173451732
"IND763","IND763",26.2616481190746
"IND764","IND764",24.8509194964399
"IND765","IND765",24.5441158083848
"IND766","IND766",17.8672459983617
"IND767","IND767",28.5486895608585
"IND768","IND768",26.5347944118043
"IND769","IND769",28.6349829587319
"IND770","IND770",28.1297532416666
"IND771","IND771",28.4971944298808
"IND772","IND772",18.9300128375869
"IND773","IND773",25.434724734332
"IND774","IND774",26.5786392940297
"IND775","IND775",29.8440507364811
"IND776","IND776",24.3690696657308
"IND777","IND777",26.9714771809658
"IND778","IND778",18.1539404763743
"IND779","IND779",26.4562660187622
"IND780","IND780",21.4523790585426
"IND781","IND781",24.346925816853
"IND782","IND782",27.517462635211
"IND783","IND783",24.4851607366944
"IND784","IND784",28.3206228784072
"IND785","IND785",21.1931420126054
"IND786","IND786",23.4364280167934
"IND787","IND787",23.2848843396232
"IND788","IND788",30.0608181795554
"IND789","IND789",24.5232017892382
"IND790","IND790",22.3123748779999
"IND791","IND791",25.6738453469699
"IND792","IND792",20.0535038541695
"IND793","IND793",27.1962752989354
"IND794","IND794",30.454692237913
"IND795","IND795",28.7399001872047
"IND796","IND796",21.1637848459929
"IND797","IND797",20.0422463844637
"IND798","IND798",25.1763750215066
"IND799","IND799",23.6682750619469
"IND800","IND800",27.3005686911404
"IND801","IND801",23.8465715420231
"IND802","IND802",23.9204373936951
"IND803","IND803",22.6357734419985
"IND804","IND804",25.8213042153638
"IND805","IND805",24.3099322597949
"IND806","IND806",18.0922578791714
"IND807","IND807",22.8197722988366
"IND808","IND808",24.7766454773304
"IND809","IND809",28.7299539700235
"IND810","IND810",24.5408216842401
"IND811","IND811",25.1177144808889
"IND812","IND812",25.5101010969316
"IND813","IND813",25.1707464328667
"IND814","IND814",26.60336087305
"IND815","IND815",28.2363910480093
"IND816","IND816",21.9561567764555
"IND817","IND817",27.6711231341773
"IND818","IND818",16.2676505004817
"IND819","IND819",24.4798238178011
"IND820","IND820",28.4040585241434
"IND821","IND821",24.558878044478
"IND822","IND822",21.7116593442434
"IND823","IND823",26.8812643248559
"IND824","IND824",28.3914541213714
"IND825","IND825",27.3449094049586
"IND826","IND826",22.4406937350499
"IND827","IND827",24.755018562875
"IND828","IND828",23.8502490738288
"IND829","IND829",23.9388850979899
"IND830","IND830",25.6886888714751
"IND831","IND831",24.6538213721154
"IND832","IND832",18.1923116806847
"IND833","IND833",21.976331857006
"IND834","IND834",17.9249506596793
"IND835","IND835",27.0313456514333
"IND836","IND836",22.631737518075
"IND837","IND837",26.2431042305686
"IND838","IND838",27.2603860765666
"IND839","IND839",25.5476402873493
"IND840","IND840",27.6465044172259
"IND841","IND841",26.7679399145149
"IND842","IND842",28.8275541752007
"IND843","IND843",23.2548403581181
"IND844","IND844",24.5499856217283
"IND845","IND845",25.9741761696458
"IND846","IND846",20.4775855658394
"IND847","IND847",29.8425283985227
"IND848","IND848",28.0950020949618
"IND849","IND849",26.5906497760986
"IND850","IND850",24.7881421506673
"IND851","IND851",28.1315314677419
"IND852","IND852",20.8843795530562
"IND853","IND853",26.6196771101189
"IND854","IND854",26.0191468901486
"IND855","IND855",19.7267007481655
"IND856","IND856",21.3422046087439
"IND857","IND857",25.1813558354594
"IND858","IND858",25.067049245099
"IND859","IND859",23.5156130534213
"IND860","IND860",14.0660165771712
"IND861","IND861",21.993364010465
"IND862","IND862",22.7290679368531
"IND863","IND863",25.2690995023258
"IND864","IND864",26.031025180479
"IND865","IND865",20.9716136823629
"IND866","IND866",30.0185998038279
"IND867","IND867",22.8645256704709
"IND868","IND868",26.1069601249861
"IND869","IND869",30.8014677714014
"IND870","IND870",24.860147961186
"IND871","IND871",30.3423715100829
"IND872","IND872",22.6292337739189
"IND873","IND873",26.8426352432312
"IND874","IND874",23.4000546464975
"IND875","IND875",21.2830005627426
"IND876","IND876",22.4131119438732
"IND877","IND877",22.001284381071
"IND878","IND878",30.6147106174038
"IND879","IND879",21.7828703214933
"IND880","IND880",28.7882613175802
"IND881","IND881",27.053827067763
"IND882","IND882",23.4826062027201
"IND883","IND883",22.3520799885718
"IND884","IND884",29.1432538508001
"IND885","IND885",16.970792088524
"IND886","IND886",25.7526284676059
"IND887","IND887",25.7650332435776
"IND888","IND888",24.3783783329867
"IND889","IND889",27.0609098432354
"IND890","IND890",17.0440564026395
"IND891","IND891",23.6321966444424
"IND892","IND892",17.1603939607802
"IND893","IND893",27.7358597728679
"IND894","IND894",25.6996381548698
"IND895","IND895",27.0183724884732
"IND896","IND896",23.3032891511987
"IND897","IND897",27.789887415692
"IND898","IND898",24.212523194053
"IND899","IND899",24.2711391970879
"IND900","IND900",23.6973677404147
"IND901","IND901",24.9366911612396
"IND902","IND902",25.8856178639191
"IND903","IND903",21.2313209762284
"IND904","IND904",26.1346477423676
"IND905","IND905",29.8401940114127
"IND906","IND906",28.681718129017
"IND907","IND907",25.6867488233276
"IND908","IND908",27.3131271719832
"IND909","IND909",19.7922499810694
"IND910","IND910",25.0371372686467
"IND911","IND911",26.2013074465556
"IND912","IND912",22.9249771529258
"IND913","IND913",19.7966214793509
"IND914","IND914",24.1088095477581
"IND915","IND915",27.0803590733764
"IND916","IND916",23.5597988375103
"IND917","IND917",19.8095761923384
"IND918","IND918",26.2355783064203
"IND919","IND919",23.2179188599777
"IND920","IND920",23.9982770873791
"IND921","IND921",21.3205536771351
"IND922","IND922",29.9796688374874
"IND923","IND923",24.308196248183
"IND924","IND924",23.6411376733817
"IND925","IND925",20.4527546675326
"IND926","IND926",23.7213185118404
"IND927","IND927",22.4292175624962
"IND928","IND928",21.2998247134411
"IND929","IND929",26.0371447031988
"IND930","IND930",28.252555487126
"IND931","IND931",28.2490491227279
"IND932","IND932",28.4673048645286
"IND933","IND933",22.0751528978737
"IND934","IND934",26.3927499748672
"IND935","IND935",32.044321128775
"IND936","IND936",24.5856906173766
"IND937","IND937",23.4366770889159
"IND938","IND938",21.2287475059623
"IND939","IND939",24.5215163861919
"IND940","IND940",21.0965652935936
"IND941","IND941",25.6665128279802
"IND942","IND942",20.7451644931648
"IND943","IND943",26.5766865375897
"IND944","IND944",19.1215871307418
"IND945","IND945",28.2994156058855
"IND946","IND946",20.4891027166465
"IND947","IND947",27.1092949145506
"IND948","IND948",25.2540196292596
"IND949","IND949",25.5586870611497
"IND950","IND950",20.0172392382451
"IND951","IND951",27.6586107635535
"IND952","IND952",17.7005349763968
"IND953","IND953",27.231440775832
"IND954","IND954",25.7346176151894
"IND955","IND955",20.4956678205218
"IND956","IND956",22.9193063778945
"IND957","IND957",23.1217808215087
"IND958","IND958",23.4685093343804
"IND959","IND959",19.3064467057572
"IND960","IND960",22.0919098795291
"IND961","IND961",23.2025328175413
"IND962","IND962",28.4720496267114
"IND963","IND963",22.1628100953294
"IND964","IND964",19.9980019112939
"IND965","IND965",26.6593141776106
"IND966","IND966",20.9658988915201
"IND967","IND967",21.8446902290637
"IND968","IND968",24.7939718569603
"IND969","IND969",24.1281376712176
"IND970","IND970",27.4960369734525
"IND971","IND971",24.3291941130022
"IND972","IND972",22.7858813996582
"IND973","IND973",26.1765925347153
"IND974","IND974",24.6806413076739
"IND975","IND975",24.8764568780543
"IND976","IND976",25.1528934341067
"IND977","IND977",24.3117899345983
"IND978","IND978",26.3448589513156
"IND979","IND979",21.2589101503172
"IND980","IND980",24.3305870212774
"IND981","IND981",23.1018158402291
"IND982","IND982",27.8386349006908
"IND983","IND983",24.920135814079
"IND984","IND984",25.2677351528447
"IND985","IND985",23.2858700595074
"IND986","IND986",19.2297905799189
"IND987","IND987",21.6067594225867
"IND988","IND988",20.2788224034727
"IND989","IND989",22.385417579056
"IND990","IND990",24.2380130353862
"IND991","IND991",25.7462805958929
"IND992","IND992",25.4357010198189
"IND993","IND993",29.5541618078139
"IND994","IND994",24.8310805574864
"IND995","IND995",24.7858630679452
"IND996","IND996",25.8729930666472
"IND997","IND997",20.8686305337081
"IND998","IND998",23.6212429825714
"IND999","IND999",24.5306182118036
"IND1000","IND1000",29.9533482575596
