Taxa,Group,RefInf,ID,BLUP,PEV,BLUE,Prediction
IND1,1,1,1,-2.56489943747021,0.967498510217363,24.5577220506009,21.9928226131307
IND2,2,1,2,0.573479074687907,0.968681342014042,24.5577220506009,25.1312011252888
IND3,3,1,3,3.47784926252085,0.966666249909521,24.5577220506009,28.0355713131217
IND4,4,1,4,-2.77293512144681,0.969494764382989,24.5577220506009,21.7847869291541
IND5,5,1,5,-4.38062416543247,0.970373110105682,24.5577220506009,20.1770978851684
IND6,6,1,6,-2.1976226774958,0.970652362086385,24.5577220506009,22.3600993731051
IND7,7,1,7,-2.48601047129488,0.970151665133781,24.5577220506009,22.071711579306
IND8,8,1,8,2.74704524676696,0.970138186916419,24.5577220506009,27.3047672973679
IND9,9,1,9,2.88137737880386,0.970787705737147,24.5577220506009,27.4390994294048
IND10,10,1,10,2.93126784060088,0.969832610338513,24.5577220506009,27.4889898912018
IND11,11,1,11,-0.412514707146425,0.969904799682955,24.5577220506009,24.1452073434545
IND12,12,1,12,-2.06834483301234,0.968712933387852,24.5577220506009,22.4893772175886
IND13,13,1,13,1.54283160863973,0.969410049712521,24.5577220506009,26.1005536592406
IND14,14,1,14,-3.22049263607782,0.970404628651041,24.5577220506009,21.3372294145231
IND15,15,1,15,3.37184677706783,0.969544177575277,24.5577220506009,27.9295688276687
IND16,16,1,16,0.0967436962123855,0.969783722507804,24.5577220506009,24.6544657468133
IND17,17,1,17,4.76759215010954,0.969146606141683,24.5577220506009,29.3253142007104
IND18,18,1,18,0.510092447639405,0.97054906629455,24.5577220506009,25.0678144982403
IND19,19,1,19,0.615339400187371,0.96868436810874,24.5577220506009,25.1730614507883
IND20,20,1,20,1.75690444356285,0.971004106974568,24.5577220506009,26.3146264941638
IND21,21,1,21,4.74346050405276,0.968706114744911,24.5577220506009,29.3011825546537
IND22,22,1,22,-2.38107275024157,0.969386196067204,24.5577220506009,22.1766493003593
IND23,23,1,23,-0.726620036649994,0.969955921876929,24.5577220506009,23.8311020139509
IND24,24,1,24,0.216172490398354,0.969066299846982,24.5577220506009,24.7738945409993
IND25,25,1,25,-4.1983752173313,0.96968459996394,24.5577220506009,20.3593468332696
IND26,26,1,26,1.0076075970209,0.969372083460187,24.5577220506009,25.5653296476218
IND27,27,1,27,-0.784788429896856,0.968370430183531,24.5577220506009,23.772933620704
IND28,28,1,28,1.699048921628,0.969782955937544,24.5577220506009,26.2567709722289
IND29,29,1,29,3.12607629989307,0.969537595158801,24.5577220506009,27.683798350494
IND30,30,1,30,-1.34738171828527,0.969903597328409,24.5577220506009,23.2103403323156
IND31,31,1,31,1.96591733175967,0.968594944050997,24.5577220506009,26.5236393823606
IND32,32,1,32,3.82397193326932,0.969497183304391,24.5577220506009,28.3816939838702
IND33,33,1,33,-2.81103462053425,0.969602556213094,24.5577220506009,21.7466874300667
IND34,34,1,34,-4.04770715618166,0.9715932500087,24.5577220506009,20.5100148944192
IND35,35,1,35,-3.25277618087841,0.970428698612485,24.5577220506009,21.3049458697225
IND36,36,1,36,1.4448374044477,0.971021861435627,24.5577220506009,26.0025594550486
IND37,37,1,37,2.13751856897875,0.970162233963868,24.5577220506009,26.6952406195796
IND38,38,1,38,-4.30596047672478,0.970771051563799,24.5577220506009,20.2517615738761
IND39,39,1,39,-0.616866061244176,0.969280464698846,24.5577220506009,23.9408559893567
IND40,40,1,40,3.43207604037221,0.970993738587843,24.5577220506009,27.9897980909731
IND41,41,1,41,3.2959527972424,0.970913506338901,24.5577220506009,27.8536748478433
IND42,42,1,42,-0.153894147306072,0.970546970322441,24.5577220506009,24.4038279032948
IND43,43,1,43,-0.0743551690212554,0.967819782209059,24.5577220506009,24.4833668815796
IND44,44,1,44,-2.74655290375363,0.967588606942472,24.5577220506009,21.8111691468473
IND45,45,1,45,-0.324579373587249,0.968909573931695,24.5577220506009,24.2331426770137
IND46,46,1,46,0.341387009561983,0.969445964613147,24.5577220506009,24.8991090601629
IND47,47,1,47,-0.0942261064544255,0.970086755657647,24.5577220506009,24.4634959441465
IND48,48,1,48,0.295379932133233,0.969578465765958,24.5577220506009,24.8531019827341
IND49,49,1,49,2.9480244313912,0.969969974572372,24.5577220506009,27.5057464819921
IND50,50,1,50,-1.97503736048924,0.97175559973956,24.5577220506009,22.5826846901117
IND51,51,1,51,3.4951703432292,0.970440593474043,24.5577220506009,28.0528923938301
IND52,52,1,52,2.38861926366623,0.970737114723037,24.5577220506009,26.9463413142671
IND53,53,1,53,0.723668486436879,0.971183008100428,24.5577220506009,25.2813905370378
IND54,54,1,54,5.13841288529773,0.968446036527529,24.5577220506009,29.6961349358986
IND55,55,1,55,-0.354746546699451,0.9693029631137,24.5577220506009,24.2029755039014
IND56,56,1,56,-0.429073937187711,0.968481969540691,24.5577220506009,24.1286481134132
IND57,57,1,57,0.471996072675353,0.969010506889087,24.5577220506009,25.0297181232763
IND58,58,1,58,1.49004020586048,0.968662678366427,24.5577220506009,26.0477622564614
IND59,59,1,59,2.77674471276027,0.971128181120977,24.5577220506009,27.3344667633612
IND60,60,1,60,-0.884896648033358,0.969201390891293,24.5577220506009,23.6728254025675
IND61,61,1,61,-0.0667438429585563,0.969706789701958,24.5577220506009,24.4909782076423
IND62,62,1,62,-1.16979723493857,0.970458597195281,24.5577220506009,23.3879248156623
IND63,63,1,63,2.1019340866041,0.969055088777891,24.5577220506009,26.659656137205
IND64,64,1,64,0.188953006412964,0.967421012975218,24.5577220506009,24.7466750570139
IND65,65,1,65,-2.17352762615834,0.970157513699328,24.5577220506009,22.3841944244426
IND66,66,1,66,3.13362459764946,0.971364447694341,24.5577220506009,27.6913466482504
IND67,67,1,67,1.69819617578138,0.968036241830856,24.5577220506009,26.2559182263823
IND68,68,1,68,0.436411555422629,0.968239279949014,24.5577220506009,24.9941336060235
IND69,69,1,69,-0.667248148130149,0.969289454074265,24.5577220506009,23.8904739024708
IND70,70,1,70,-2.74756880398758,0.969562714028878,24.5577220506009,21.8101532466133
IND71,71,1,71,-2.71337316931537,0.9689709779194,24.5577220506009,21.8443488812855
IND72,72,1,72,0.553515682440535,0.969554183351674,24.5577220506009,25.1112377330414
IND73,73,1,73,-2.97503210712167,0.970176069242807,24.5577220506009,21.5826899434792
IND74,74,1,74,-1.0457943576625,0.970091676299905,24.5577220506009,23.5119276929384
IND75,75,1,75,2.98365771561756,0.970703947748885,24.5577220506009,27.5413797662185
IND76,76,1,76,0.243908775781804,0.969453688980441,24.5577220506009,24.8016308263827
IND77,77,1,77,-0.981803709503189,0.970172064190812,24.5577220506009,23.5759183410977
IND78,78,1,78,4.83085649184491,0.969713356738519,24.5577220506009,29.3885785424458
IND79,79,1,79,-1.69746654669479,0.968886319534706,24.5577220506009,22.8602555039061
IND80,80,1,80,0.155885761795952,0.970734532438775,24.5577220506009,24.7136078123969
IND81,81,1,81,0.602847878946581,0.969539242701869,24.5577220506009,25.1605699295475
IND82,82,1,82,-3.07315723969366,0.967378170199579,24.5577220506009,21.4845648109072
IND83,83,1,83,0.150651744608861,0.969442472472888,24.5577220506009,24.7083737952098
IND84,84,1,84,4.29841077794304,0.968586678818694,24.5577220506009,28.8561328285439
IND85,85,1,85,-0.662523197766872,0.971652201013339,24.5577220506009,23.895198852834
IND86,86,1,86,1.63576338067659,0.97010380839952,24.5577220506009,26.1934854312775
IND87,87,1,87,-2.65713423834388,0.970222955504972,24.5577220506009,21.900587812257
IND88,88,1,88,0.594567190491293,0.971649145416714,24.5577220506009,25.1522892410922
IND89,89,1,89,-1.00958046411602,0.969227969316728,24.5577220506009,23.5481415864849
IND90,90,1,90,3.46871709623166,0.970306831549229,24.5577220506009,28.0264391468326
IND91,91,1,91,-3.45264106831351,0.969020845141646,24.5577220506009,21.1050809822874
IND92,92,1,92,-2.67556608583184,0.971027176320359,24.5577220506009,21.8821559647691
IND93,93,1,93,-0.610189174676855,0.969144908904558,24.5577220506009,23.947532875924
IND94,94,1,94,2.9275245734316,0.971290906828077,24.5577220506009,27.4852466240325
IND95,95,1,95,1.28237105726056,0.969572595164769,24.5577220506009,25.8400931078615
IND96,96,1,96,-0.523996536493912,0.968200628210035,24.5577220506009,24.033725514107
IND97,97,1,97,-4.21622072321941,0.971383419706174,24.5577220506009,20.3415013273815
IND98,98,1,98,0.542240709325468,0.969860346047717,24.5577220506009,25.0999627599264
IND99,99,1,99,-2.02401280834982,0.970586599369528,24.5577220506009,22.5337092422511
IND100,100,1,100,0.865324849780325,0.968599754939991,24.5577220506009,25.4230469003812
IND101,101,1,101,-3.50740441633709,0.968897528017593,24.5577220506009,21.0503176342638
IND102,102,1,102,2.17439987937495,0.970034504968345,24.5577220506009,26.7321219299759
IND103,103,1,103,1.55833623583553,0.969035571259297,24.5577220506009,26.1160582864364
IND104,104,1,104,-5.6685189066546,0.969544634788029,24.5577220506009,18.8892031439463
IND105,105,1,105,-2.77734401114728,0.968796433922414,24.5577220506009,21.7803780394536
IND106,106,1,106,2.29050384452373,0.970035638741835,24.5577220506009,26.8482258951246
IND107,107,1,107,0.462085060719749,0.97027834128057,24.5577220506009,25.0198071113206
IND108,108,1,108,-2.48666666049101,0.969319220001038,24.5577220506009,22.0710553901099
IND109,109,1,109,-0.773174631903211,0.969272283729238,24.5577220506009,23.7845474186977
IND110,110,1,110,3.68408171485917,0.969812519420703,24.5577220506009,28.2418037654601
IND111,111,1,111,-0.646527643154137,0.969517920508242,24.5577220506009,23.9111944074468
IND112,112,1,112,0.523050089188272,0.97104485596224,24.5577220506009,25.0807721397892
IND113,113,1,113,-4.44219439185438,0.968148471633929,24.5577220506009,20.1155276587465
IND114,114,1,114,-1.01796163929969,0.969344691769061,24.5577220506009,23.5397604113012
IND115,115,1,115,1.29739146574863,0.96930683173564,24.5577220506009,25.8551135163495
IND116,116,1,116,0.854574687181498,0.97122478814471,24.5577220506009,25.4122967377824
IND117,117,1,117,-4.10364371637727,0.968831423765583,24.5577220506009,20.4540783342236
IND118,118,1,118,4.89792614982422,0.969480043101215,24.5577220506009,29.4556482004251
IND119,119,1,119,3.72523408122907,0.970126626069461,24.5577220506009,28.28295613183
IND120,120,1,120,7.71782877020768,0.969006792353925,24.5577220506009,32.2755508208086
IND121,121,1,121,1.08329472278169,0.969195124171077,24.5577220506009,25.6410167733826
IND122,122,1,122,0.764196138013978,0.96951663877983,24.5577220506009,25.3219181886149
IND123,123,1,123,-0.699516945331182,0.968344620589572,24.5577220506009,23.8582051052697
IND124,124,1,124,-0.818852347879228,0.969450417673479,24.5577220506009,23.7388697027217
IND125,125,1,125,-1.64513326889558,0.970887553845642,24.5577220506009,22.9125887817053
IND126,126,1,126,-0.961688466469307,0.969521681581261,24.5577220506009,23.5960335841316
IND127,127,1,127,-2.67511503705057,0.967892331663099,24.5577220506009,21.8826070135503
IND128,128,1,128,2.17919361595543,0.96943253583526,24.5577220506009,26.7369156665563
IND129,129,1,129,2.55383759488826,0.972239810504466,24.5577220506009,27.1115596454892
IND130,130,1,130,3.45311139608581,0.9675707828282,24.5577220506009,28.0108334466867
IND131,131,1,131,1.34895677595937,0.969187897003372,24.5577220506009,25.9066788265603
IND132,132,1,132,-0.621384019508475,0.968352247046968,24.5577220506009,23.9363380310924
IND133,133,1,133,-3.91120777602072,0.970093448743798,24.5577220506009,20.6465142745802
IND134,134,1,134,2.7331918122517,0.970064228795746,24.5577220506009,27.2909138628526
IND135,135,1,135,1.2927100599978,0.969372514467934,24.5577220506009,25.8504321105987
IND136,136,1,136,1.4479584927138,0.969023490108263,24.5577220506009,26.0056805433147
IND137,137,1,137,-0.485005899853631,0.967113786308689,24.5577220506009,24.0727161507473
IND138,138,1,138,-0.525932060879176,0.969567115274738,24.5577220506009,24.0317899897217
IND139,139,1,139,-7.20053308763884,0.969218649717071,24.5577220506009,17.3571889629621
IND140,140,1,140,2.27523900522892,0.969940880869274,24.5577220506009,26.8329610558298
IND141,141,1,141,0.891505724353686,0.971417127514769,24.5577220506009,25.4492277749546
IND142,142,1,142,2.19848329009967,0.971579173814844,24.5577220506009,26.7562053407006
IND143,143,1,143,-1.86182042818838,0.969979286653221,24.5577220506009,22.6959016224125
IND144,144,1,144,1.09302704023246,0.970117736385204,24.5577220506009,25.6507490908334
IND145,145,1,145,1.36733709882023,0.968822259457522,24.5577220506009,25.9250591494211
IND146,146,1,146,5.45618116967331,0.969689293078041,24.5577220506009,30.0139032202742
IND147,147,1,147,0.0473348313988962,0.969338605835207,24.5577220506009,24.6050568819998
IND148,148,1,148,-2.0540414213262,0.968964845688341,24.5577220506009,22.5036806292747
IND149,149,1,149,3.01636252328613,0.970099168492248,24.5577220506009,27.574084573887
IND150,150,1,150,1.35399281725781,0.968817833363686,24.5577220506009,25.9117148678587
IND151,151,1,151,-4.70859551065467,0.968733853768183,24.5577220506009,19.8491265399462
IND152,152,1,152,-0.384309012019877,0.96918778476636,24.5577220506009,24.173413038581
IND153,153,1,153,-4.58746546346158,0.969020324492419,24.5577220506009,19.9702565871393
IND154,154,1,154,-1.8877490484553,0.970292885716086,24.5577220506009,22.6699730021456
IND155,155,1,155,-1.62925962712637,0.970893415346867,24.5577220506009,22.9284624234745
IND156,156,1,156,2.14970874444972,0.969535887304582,24.5577220506009,26.7074307950506
IND157,157,1,157,2.12814432901574,0.971877409420748,24.5577220506009,26.6858663796166
IND158,158,1,158,1.26590434696154,0.967791080445343,24.5577220506009,25.8236263975624
IND159,159,1,159,2.52917439903525,0.969862352285715,24.5577220506009,27.0868964496362
IND160,160,1,160,-1.15210004650319,0.969667733886464,24.5577220506009,23.4056220040977
IND161,161,1,161,-1.06739042026779,0.970843754244513,24.5577220506009,23.4903316303331
IND162,162,1,162,-2.64046801409322,0.969547372622559,24.5577220506009,21.9172540365077
IND163,163,1,163,-3.29027473924643,0.972466561554883,24.5577220506009,21.2674473113545
IND164,164,1,164,-1.50383031405896,0.969409467347668,24.5577220506009,23.0538917365419
IND165,165,1,165,1.16907753434918,0.968967374080831,24.5577220506009,25.7267995849501
IND166,166,1,166,-4.88645834362319,0.971228399158139,24.5577220506009,19.6712637069777
IND167,167,1,167,-0.236766366091894,0.970082454219182,24.5577220506009,24.320955684509
IND168,168,1,168,-0.611379336719688,0.971770253208605,24.5577220506009,23.9463427138812
IND169,169,1,169,3.51093215868455,0.969908317135312,24.5577220506009,28.0686542092855
IND170,170,1,170,1.99350354583546,0.969007294412627,24.5577220506009,26.5512255964364
IND171,171,1,171,1.27178124818162,0.969526732896192,24.5577220506009,25.8295032987825
IND172,172,1,172,6.22619222682898,0.971890300206352,24.5577220506009,30.7839142774299
IND173,173,1,173,3.30376911852692,0.967917706775898,24.5577220506009,27.8614911691278
IND174,174,1,174,-1.02093784127528,0.969318581598181,24.5577220506009,23.5367842093256
IND175,175,1,175,-0.818736144251963,0.970102212585712,24.5577220506009,23.7389859063489
IND176,176,1,176,2.27275648769617,0.968213617797478,24.5577220506009,26.8304785382971
IND177,177,1,177,-0.0523725996474248,0.96899085163142,24.5577220506009,24.5053494509535
IND178,178,1,178,-3.10720437198803,0.970592000749904,24.5577220506009,21.4505176786129
IND179,179,1,179,4.60221227952954,0.967577893956223,24.5577220506009,29.1599343301304
IND180,180,1,180,-2.67283364875677,0.969133384054057,24.5577220506009,21.8848884018441
IND181,181,1,181,3.54075219571288,0.969458516324803,24.5577220506009,28.0984742463138
IND182,182,1,182,2.47781409864755,0.969161856177544,24.5577220506009,27.0355361492485
IND183,183,1,183,3.73136467349857,0.96880631775052,24.5577220506009,28.2890867240995
IND184,184,1,184,-0.996907562473689,0.971197271397077,24.5577220506009,23.5608144881272
IND185,185,1,185,0.652359432901318,0.969816145753585,24.5577220506009,25.2100814835022
IND186,186,1,186,-1.85488208788657,0.970327149135301,24.5577220506009,22.7028399627143
IND187,187,1,187,-0.755788987211733,0.968259347144522,24.5577220506009,23.8019330633892
IND188,188,1,188,-1.10933626046099,0.96973360646345,24.5577220506009,23.4483857901399
IND189,189,1,189,-1.52809528401425,0.969079536618166,24.5577220506009,23.0296267665866
IND190,190,1,190,4.05258826275311,0.968043677603022,24.5577220506009,28.610310313354
IND191,191,1,191,2.99721344378522,0.970762454355113,24.5577220506009,27.5549354943861
IND192,192,1,192,0.423611566075366,0.968463238778989,24.5577220506009,24.9813336166763
IND193,193,1,193,-1.07230447827367,0.97020919735635,24.5577220506009,23.4854175723272
IND194,194,1,194,-0.239683643706772,0.968954694999204,24.5577220506009,24.3180384068941
IND195,195,1,195,-2.25243350108589,0.969447978246743,24.5577220506009,22.305288549515
IND196,196,1,196,-4.48530693809004,0.968875312358898,24.5577220506009,20.0724151125109
IND197,197,1,197,-3.81901208727461,0.970616914042331,24.5577220506009,20.7387099633263
IND198,198,1,198,0.0202998477155826,0.969568095641561,24.5577220506009,24.5780218983165
IND199,199,1,199,1.04517056442868,0.969558389981312,24.5577220506009,25.6028926150296
IND200,200,1,200,-3.79182216697949,0.970931667781315,24.5577220506009,20.7658998836214
IND201,201,1,201,-2.71725820625699,0.969157994458164,24.5577220506009,21.8404638443439
IND202,202,1,202,-6.74047304149367,0.968655636860861,24.5577220506009,17.8172490091072
IND203,203,1,203,0.479993457752008,0.968719598267829,24.5577220506009,25.0377155083529
IND204,204,1,204,-0.76480105491592,0.970189640080737,24.5577220506009,23.792920995685
IND205,205,1,205,-2.51200471854311,0.968833749512138,24.5577220506009,22.0457173320578
IND206,206,1,206,0.230985656549243,0.968635474416663,24.5577220506009,24.7887077071501
IND207,207,1,207,-5.76819281698253,0.969572331895424,24.5577220506009,18.7895292336184
IND208,208,1,208,0.31105167966243,0.971615792925222,24.5577220506009,24.8687737302633
IND209,209,1,209,4.16715134338176,0.970920727147353,24.5577220506009,28.7248733939827
IND210,210,1,210,-2.41933469996646,0.969236464981161,24.5577220506009,22.1383873506344
IND211,211,1,211,1.13226390392826,0.970212159157929,24.5577220506009,25.6899859545292
IND212,212,1,212,-2.643866704322,0.970400195169076,24.5577220506009,21.9138553462789
IND213,213,1,213,2.27949711685669,0.968945757308392,24.5577220506009,26.8372191674576
IND214,214,1,214,-1.43242971546344,0.969104627008334,24.5577220506009,23.1252923351375
IND215,215,1,215,4.53946462257402,0.967364873071487,24.5577220506009,29.0971866731749
IND216,216,1,216,-3.28233640551775,0.970777602392066,24.5577220506009,21.2753856450832
IND217,217,1,217,0.2242770086298,0.971327644701202,24.5577220506009,24.7819990592307
IND218,218,1,218,-2.56156136342559,0.968675244863833,24.5577220506009,21.9961606871753
IND219,219,1,219,0.922949862394679,0.968985910205104,24.5577220506009,25.4806719129956
IND220,220,1,220,3.00088740952827,0.968983686585928,24.5577220506009,27.5586094601292
IND221,221,1,221,-1.90905654742399,0.96861134610519,24.5577220506009,22.6486655031769
IND222,222,1,222,2.6988468748402,0.969779503951265,24.5577220506009,27.2565689254411
IND223,223,1,223,1.74346203493657,0.969488656771445,24.5577220506009,26.3011840855375
IND224,224,1,224,-2.83078880405539,0.968652954925828,24.5577220506009,21.7269332465455
IND225,225,1,225,2.52246796555079,0.969648706342056,24.5577220506009,27.0801900161517
IND226,226,1,226,2.35420823233088,0.968032516641924,24.5577220506009,26.9119302829318
IND227,227,1,227,4.36601185443839,0.969059417520699,24.5577220506009,28.9237339050393
IND228,228,1,228,0.104286542577902,0.966943987826794,24.5577220506009,24.6620085931788
IND229,229,1,229,0.58606378269803,0.968711961674628,24.5577220506009,25.1437858332989
IND230,230,1,230,1.1196038200848,0.970203607207834,24.5577220506009,25.6773258706857
IND231,231,1,231,-4.52238648661162,0.971209390108167,24.5577220506009,20.0353355639893
IND232,232,1,232,-1.83469540011136,0.968218673301608,24.5577220506009,22.7230266504895
IND233,233,1,233,1.41017098865826,0.969753464009611,24.5577220506009,25.9678930392592
IND234,234,1,234,-1.79046047031863,0.968516276035797,24.5577220506009,22.7672615802823
IND235,235,1,235,-1.29809374599645,0.969952736524186,24.5577220506009,23.2596283046045
IND236,236,1,236,2.47337476304219,0.969609811438952,24.5577220506009,27.0310968136431
IND237,237,1,237,-0.591039833512263,0.967558911418579,24.5577220506009,23.9666822170886
IND238,238,1,238,2.47349606087435,0.969661785194094,24.5577220506009,27.0312181114753
IND239,239,1,239,-1.18138140461151,0.97127936086869,24.5577220506009,23.3763406459894
IND240,240,1,240,3.10812806392459,0.968159909462173,24.5577220506009,27.6658501145255
IND241,241,1,241,-1.98108797997795,0.969000981549192,24.5577220506009,22.576634070623
IND242,242,1,242,1.09476575715367,0.970594365475839,24.5577220506009,25.6524878077546
IND243,243,1,243,-1.5317131513525,0.96875700953324,24.5577220506009,23.0260088992484
IND244,244,1,244,-2.18235933026449,0.969486672451029,24.5577220506009,22.3753627203364
IND245,245,1,245,4.18323646984533,0.969398237540543,24.5577220506009,28.7409585204462
IND246,246,1,246,-0.950363450857109,0.969389561156226,24.5577220506009,23.6073585997438
IND247,247,1,247,-1.81261510908317,0.968395936762079,24.5577220506009,22.7451069415177
IND248,248,1,248,1.78848790982188,0.969796161247618,24.5577220506009,26.3462099604228
IND249,249,1,249,-1.76734932489523,0.969962348125907,24.5577220506009,22.7903727257057
IND250,250,1,250,-3.79043954589269,0.969880381973141,24.5577220506009,20.7672825047082
IND251,251,1,251,0.520389250884082,0.96822833208897,24.5577220506009,25.078111301485
IND252,252,1,252,1.83955374776724,0.969971343432712,24.5577220506009,26.3972757983681
IND253,253,1,253,-0.401925271223452,0.969057498299138,24.5577220506009,24.1557967793775
IND254,254,1,254,-6.50014914308561,0.971639947440275,24.5577220506009,18.0575729075153
IND255,255,1,255,0.0907195197905736,0.970889227648502,24.5577220506009,24.6484415703915
IND256,256,1,256,-1.11179519694174,0.969395927282378,24.5577220506009,23.4459268536592
IND257,257,1,257,6.19885625842892,0.969549174539232,24.5577220506009,30.7565783090298
IND258,258,1,258,-0.334122806888503,0.968174948097753,24.5577220506009,24.2235992437124
IND259,259,1,259,2.22473865577975,0.969543522676799,24.5577220506009,26.7824607063807
IND260,260,1,260,1.20080817247245,0.971378354899392,24.5577220506009,25.7585302230733
IND261,261,1,261,0.59217626623745,0.969001431396194,24.5577220506009,25.1498983168383
IND262,262,1,262,3.07198415841511,0.968367868937479,24.5577220506009,27.629706209016
IND263,263,1,263,-1.31721234706815,0.970612342195061,24.5577220506009,23.2405097035327
IND264,264,1,264,1.35621202954248,0.969588012288882,24.5577220506009,25.9139340801434
IND265,265,1,265,0.422961421315196,0.968004439246134,24.5577220506009,24.9806834719161
IND266,266,1,266,-5.03591289453023,0.970127616266448,24.5577220506009,19.5218091560707
IND267,267,1,267,0.465048611375819,0.97021843187201,24.5577220506009,25.0227706619767
IND268,268,1,268,-0.0539746755416363,0.968988229821056,24.5577220506009,24.5037473750593
IND269,269,1,269,-2.44350232141941,0.968438009190008,24.5577220506009,22.1142197291815
IND270,270,1,270,-3.54204946422003,0.972372456506401,24.5577220506009,21.0156725863809
IND271,271,1,271,-4.30032158199144,0.969256085276125,24.5577220506009,20.2574004686095
IND272,272,1,272,-3.30373193053971,0.969233001232863,24.5577220506009,21.2539901200612
IND273,273,1,273,-5.59916189463667,0.970347638705899,24.5577220506009,18.9585601559642
IND274,274,1,274,0.46487308078187,0.971472575732667,24.5577220506009,25.0225951313828
IND275,275,1,275,-2.37568080801864,0.971070720732592,24.5577220506009,22.1820412425823
IND276,276,1,276,6.02467631818063,0.971414960167686,24.5577220506009,30.5823983687815
IND277,277,1,277,-2.44215809153201,0.970498209238425,24.5577220506009,22.1155639590689
IND278,278,1,278,-4.06336117718376,0.969503623952968,24.5577220506009,20.4943608734171
IND279,279,1,279,-1.06646647307262,0.9702914009078,24.5577220506009,23.4912555775283
IND280,280,1,280,-0.68624916211832,0.968451794186388,24.5577220506009,23.8714728884826
IND281,281,1,281,4.27327817736135,0.969104267836861,24.5577220506009,28.8310002279623
IND282,282,1,282,-0.39318040750647,0.970672392380465,24.5577220506009,24.1645416430944
IND283,283,1,283,-4.90930860356304,0.969182048211895,24.5577220506009,19.6484134470379
IND284,284,1,284,-2.02042673141325,0.971089498251185,24.5577220506009,22.5372953191876
IND285,285,1,285,1.30968117449602,0.969729054043177,24.5577220506009,25.8674032250969
IND286,286,1,286,1.46275199207602,0.970366195090972,24.5577220506009,26.0204740426769
IND287,287,1,287,-2.55184842439291,0.970073780517369,24.5577220506009,22.005873626208
IND288,288,1,288,-0.142385428797443,0.970290560460532,24.5577220506009,24.4153366218035
IND289,289,1,289,4.39035530723395,0.969281797555805,24.5577220506009,28.9480773578349
IND290,290,1,290,-3.40391079221374,0.970900016311477,24.5577220506009,21.1538112583872
IND291,291,1,291,-3.89196943140763,0.968602863229383,24.5577220506009,20.6657526191933
IND292,292,1,292,-1.38464736543579,0.970975782597527,24.5577220506009,23.1730746851651
IND293,293,1,293,4.67158950217127,0.969723195046238,24.5577220506009,29.2293115527722
IND294,294,1,294,-1.93000437135684,0.971657307410228,24.5577220506009,22.6277176792441
IND295,295,1,295,-0.953356599564278,0.971545303359758,24.5577220506009,23.6043654510366
IND296,296,1,296,1.12067442759571,0.969720693369113,24.5577220506009,25.6783964781966
IND297,297,1,297,-2.97983616805891,0.969472402949256,24.5577220506009,21.577885882542
IND298,298,1,298,1.75612544736459,0.969934939639567,24.5577220506009,26.3138474979655
IND299,299,1,299,-1.99103122294706,0.970062003416022,24.5577220506009,22.5666908276538
IND300,300,1,300,2.57478106233351,0.968631003461535,24.5577220506009,27.1325031129344
IND301,301,1,301,-0.288657614763889,0.969006804820898,24.5577220506009,24.269064435837
IND302,302,1,302,0.681349694234515,0.970348937948199,24.5577220506009,25.2390717448354
IND303,303,1,303,2.88068701156394,0.969406055860076,24.5577220506009,27.4384090621648
IND304,304,1,304,-2.74454102617157,0.969348001238225,24.5577220506009,21.8131810244293
IND305,305,1,305,2.6284051785323,0.971361848677999,24.5577220506009,27.1861272291332
IND306,306,1,306,-0.791739422740494,0.969925011887547,24.5577220506009,23.7659826278604
IND307,307,1,307,2.45517269405932,0.968262810060796,24.5577220506009,27.0128947446602
IND308,308,1,308,-2.94436061100265,0.971826156051994,24.5577220506009,21.6133614395983
IND309,309,1,309,-2.5937480922695,0.969816796940263,24.5577220506009,21.9639739583314
IND310,310,1,310,4.40860239340673,0.969129228357138,24.5577220506009,28.9663244440076
IND311,311,1,311,1.49322998265995,0.969198355271431,24.5577220506009,26.0509520332609
IND312,312,1,312,5.83739017413649,0.969619564462521,24.5577220506009,30.3951122247374
IND313,313,1,313,2.88509389550908,0.968766466562126,24.5577220506009,27.44281594611
IND314,314,1,314,-2.9355948043786,0.968086894679946,24.5577220506009,21.6221272462223
IND315,315,1,315,4.79319282870733,0.970998394752199,24.5577220506009,29.3509148793082
IND316,316,1,316,-1.66539684215138,0.96968153167446,24.5577220506009,22.8923252084495
IND317,317,1,317,-0.559418740136542,0.968805379728896,24.5577220506009,23.9983033104644
IND318,318,1,318,1.09991059161004,0.968050384902518,24.5577220506009,25.6576326422109
IND319,319,1,319,-1.33361626312102,0.969118691804373,24.5577220506009,23.2241057874799
IND320,320,1,320,-0.354077160898165,0.971044252129095,24.5577220506009,24.2036448897027
IND321,321,1,321,-1.38744222809175,0.968162783977929,24.5577220506009,23.1702798225092
IND322,322,1,322,-1.33361078899426,0.970513024627254,24.5577220506009,23.2241112616066
IND323,323,1,323,-2.16269779805454,0.970296741606963,24.5577220506009,22.3950242525464
IND324,324,1,324,0.949805394456685,0.971242672400986,24.5577220506009,25.5075274450576
IND325,325,1,325,4.7083140138123,0.970280593807763,24.5577220506009,29.2660360644132
IND326,326,1,326,-0.0382428015675985,0.970773592290912,24.5577220506009,24.5194792490333
IND327,327,1,327,-1.27124862523837,0.970886817372005,24.5577220506009,23.2864734253625
IND328,328,1,328,2.90837081347796,0.969597619935172,24.5577220506009,27.4660928640789
IND329,329,1,329,1.70407248361796,0.969633007453783,24.5577220506009,26.2617945342189
IND330,330,1,330,2.28411825247919,0.969679673274674,24.5577220506009,26.8418403030801
IND331,331,1,331,3.61800356515328,0.970790448944918,24.5577220506009,28.1757256157542
IND332,332,1,332,-2.57101645671968,0.969485807647438,24.5577220506009,21.9867055938812
IND333,333,1,333,0.0457884307972365,0.968046965824982,24.5577220506009,24.6035104813981
IND334,334,1,334,-0.395868532868434,0.969335692970116,24.5577220506009,24.1618535177325
IND335,335,1,335,-0.912923430135021,0.967632882212687,24.5577220506009,23.6447986204659
IND336,336,1,336,-5.23820063497892,0.96939762113534,24.5577220506009,19.319521415622
IND337,337,1,337,1.69817626351605,0.970565612585951,24.5577220506009,26.255898314117
IND338,338,1,338,-2.75982790892692,0.969176280341871,24.5577220506009,21.797894141674
IND339,339,1,339,4.09319706394035,0.967388816269327,24.5577220506009,28.6509191145412
IND340,340,1,340,-1.72537353844768,0.967583275307898,24.5577220506009,22.8323485121532
IND341,341,1,341,0.59690784747703,0.970740254790842,24.5577220506009,25.1546298980779
IND342,342,1,342,-0.760725848130906,0.970384318826914,24.5577220506009,23.79699620247
IND343,343,1,343,-0.444108081866551,0.968609554762273,24.5577220506009,24.1136139687343
IND344,344,1,344,1.82388776166962,0.968047613639008,24.5577220506009,26.3816098122705
IND345,345,1,345,5.59141128388778,0.97094807192237,24.5577220506009,30.1491333344887
IND346,346,1,346,-1.05066266322087,0.96970774759184,24.5577220506009,23.50705938738
IND347,347,1,347,-1.30880309686316,0.970870997523938,24.5577220506009,23.2489189537377
IND348,348,1,348,3.76735793425941,0.969768214394325,24.5577220506009,28.3250799848603
IND349,349,1,349,-4.24108685165035,0.969140855458526,24.5577220506009,20.3166351989506
IND350,350,1,350,1.08794522397783,0.970375862418767,24.5577220506009,25.6456672745787
IND351,351,1,351,-6.14934961908807,0.968855177063084,24.5577220506009,18.4083724315128
IND352,352,1,352,-1.28725504564627,0.9702261593396,24.5577220506009,23.2704670049546
IND353,353,1,353,1.76096521380348,0.967610584584715,24.5577220506009,26.3186872644044
IND354,354,1,354,2.5749344964973,0.967591459585692,24.5577220506009,27.1326565470982
IND355,355,1,355,2.72761518826868,0.968369669438663,24.5577220506009,27.2853372388696
IND356,356,1,356,3.33729451345733,0.97131843040772,24.5577220506009,27.8950165640582
IND357,357,1,357,0.399179229501099,0.968975510773014,24.5577220506009,24.956901280102
IND358,358,1,358,0.197372303590711,0.969455842347117,24.5577220506009,24.7550943541916
IND359,359,1,359,4.71423889600685,0.96993804106673,24.5577220506009,29.2719609466077
IND360,360,1,360,-3.77255513813842,0.970672712091437,24.5577220506009,20.7851669124625
IND361,361,1,361,-2.6902686968772,0.96884040584237,24.5577220506009,21.8674533537237
IND362,362,1,362,2.12853391897679,0.970036858573626,24.5577220506009,26.6862559695777
IND363,363,1,363,1.22452166908055,0.969948524416301,24.5577220506009,25.7822437196815
IND364,364,1,364,-0.0617510062854871,0.96882917179734,24.5577220506009,24.4959710443154
IND365,365,1,365,-2.69582461408159,0.971069853245543,24.5577220506009,21.8618974365193
IND366,366,1,366,0.294027743168336,0.969678393507961,24.5577220506009,24.8517497937692
IND367,367,1,367,1.29940128768638,0.969183549173117,24.5577220506009,25.8571233382873
IND368,368,1,368,-0.357596675752013,0.970682683996877,24.5577220506009,24.2001253748489
IND369,369,1,369,0.290308039553968,0.971215292758431,24.5577220506009,24.8480300901549
IND370,370,1,370,-1.83388318191005,0.970782951054515,24.5577220506009,22.7238388686908
IND371,371,1,371,-3.27403170800341,0.969463071098985,24.5577220506009,21.2836903425975
IND372,372,1,372,2.699472340656,0.968278726124093,24.5577220506009,27.2571943912569
IND373,373,1,373,3.41747718168205,0.970549624906161,24.5577220506009,27.975199232283
IND374,374,1,374,1.51042548067662,0.968763981156261,24.5577220506009,26.0681475312775
IND375,375,1,375,1.49471034517836,0.968533530331882,24.5577220506009,26.0524323957793
IND376,376,1,376,2.04675357475261,0.971929670469859,24.5577220506009,26.6044756253535
IND377,377,1,377,2.01273705563998,0.968859759076742,24.5577220506009,26.5704591062409
IND378,378,1,378,0.128469110229052,0.967686522274135,24.5577220506009,24.68619116083
IND379,379,1,379,-3.34662937852138,0.971667046559673,24.5577220506009,21.2110926720795
IND380,380,1,380,3.26031360038977,0.968515303458434,24.5577220506009,27.8180356509907
IND381,381,1,381,2.71868329280958,0.967081960502467,24.5577220506009,27.2764053434105
IND382,382,1,382,1.75808711360063,0.969253840385956,24.5577220506009,26.3158091642015
IND383,383,1,383,3.4831889873442,0.971178395423911,24.5577220506009,28.0409110379451
IND384,384,1,384,-4.54801036640028,0.971371114342562,24.5577220506009,20.0097116842006
IND385,385,1,385,-0.295682085588127,0.968995620172063,24.5577220506009,24.2620399650128
IND386,386,1,386,0.292272399428118,0.970643735849774,24.5577220506009,24.849994450029
IND387,387,1,387,1.77435298801966,0.969941195141148,24.5577220506009,26.3320750386206
IND388,388,1,388,3.65090835142747,0.96874089536085,24.5577220506009,28.2086304020284
IND389,389,1,389,5.60149796143444,0.969586495869396,24.5577220506009,30.1592200120353
IND390,390,1,390,-3.1736645246206,0.970492067041186,24.5577220506009,21.3840575259803
IND391,391,1,391,-4.64248069136417,0.969210590692688,24.5577220506009,19.9152413592367
IND392,392,1,392,0.446954205820846,0.969624869151833,24.5577220506009,25.0046762564217
IND393,393,1,393,-3.76994601620261,0.969738500700332,24.5577220506009,20.7877760343983
IND394,394,1,394,0.853329489559394,0.967312116394761,24.5577220506009,25.4110515401603
IND395,395,1,395,-1.73782123785007,0.969755796883022,24.5577220506009,22.8199008127508
IND396,396,1,396,-0.733282130838233,0.970345284684303,24.5577220506009,23.8244399197627
IND397,397,1,397,-1.99524569386417,0.970802188237789,24.5577220506009,22.5624763567367
IND398,398,1,398,2.86500747621834,0.96969771473387,24.5577220506009,27.4227295268192
IND399,399,1,399,2.45256086381838,0.969687529079341,24.5577220506009,27.0102829144193
IND400,400,1,400,-1.00081063784211,0.97025960183416,24.5577220506009,23.5569114127588
IND401,401,1,401,2.24104500296601,0.970261750160493,24.5577220506009,26.7987670535669
IND402,402,1,402,-4.34795123179059,0.969427807378641,24.5577220506009,20.2097708188103
IND403,403,1,403,2.76565670734028,0.971355848698218,24.5577220506009,27.3233787579412
IND404,404,1,404,3.39884723936026,0.967990903847439,24.5577220506009,27.9565692899612
IND405,405,1,405,-7.01995223742753,0.969402269761257,24.5577220506009,17.5377698131734
IND406,406,1,406,-0.81108060345276,0.968990751079065,24.5577220506009,23.7466414471481
IND407,407,1,407,4.7857948670191,0.968423507185561,24.5577220506009,29.34351691762
IND408,408,1,408,1.35741412753265,0.969011343968704,24.5577220506009,25.9151361781336
IND409,409,1,409,-0.0463706909402266,0.969113363242746,24.5577220506009,24.5113513596607
IND410,410,1,410,-6.24302360242778,0.969054648829213,24.5577220506009,18.3146984481731
IND411,411,1,411,1.28214225475162,0.970677078163407,24.5577220506009,25.8398643053525
IND412,412,1,412,-0.797291833579042,0.9673670182766,24.5577220506009,23.7604302170219
IND413,413,1,413,-0.491368430627413,0.966824332076745,24.5577220506009,24.0663536199735
IND414,414,1,414,0.257474302933929,0.968293327720332,24.5577220506009,24.8151963535348
IND415,415,1,415,0.54054988281714,0.97005646059547,24.5577220506009,25.098271933418
IND416,416,1,416,-1.55661336987022,0.970334777446095,24.5577220506009,23.0011086807307
IND417,417,1,417,-0.937884110758359,0.969390299392501,24.5577220506009,23.6198379398425
IND418,418,1,418,0.728489033690766,0.969900207066508,24.5577220506009,25.2862110842917
IND419,419,1,419,0.331233508457219,0.970669663598613,24.5577220506009,24.8889555590581
IND420,420,1,420,1.9105801787029,0.968487150519731,24.5577220506009,26.4683022293038
IND421,421,1,421,1.60430008834844,0.968712066389099,24.5577220506009,26.1620221389493
IND422,422,1,422,-2.09437009159331,0.969016222682212,24.5577220506009,22.4633519590076
IND423,423,1,423,1.41296809936404,0.967419483465479,24.5577220506009,25.9706901499649
IND424,424,1,424,-0.604491484272025,0.970926093622988,24.5577220506009,23.9532305663289
IND425,425,1,425,5.01704020808811,0.971923562899402,24.5577220506009,29.574762258689
IND426,426,1,426,-1.05820490084647,0.970618932842065,24.5577220506009,23.4995171497544
IND427,427,1,427,0.50260141698332,0.970641181344938,24.5577220506009,25.0603234675842
IND428,428,1,428,2.01522895770766,0.970730214430329,24.5577220506009,26.5729510083086
IND429,429,1,429,-3.51743968583375,0.970008577819038,24.5577220506009,21.0402823647671
IND430,430,1,430,-2.77698234335205,0.969827309520955,24.5577220506009,21.7807397072489
IND431,431,1,431,-0.677135751039583,0.969387558315135,24.5577220506009,23.8805862995613
IND432,432,1,432,-2.62993318960491,0.968464870009188,24.5577220506009,21.927788860996
IND433,433,1,433,-0.824155422613075,0.970040213156128,24.5577220506009,23.7335666279878
IND434,434,1,434,-2.41686080093287,0.96918305460217,24.5577220506009,22.140861249668
IND435,435,1,435,-0.516706803625138,0.969330537558725,24.5577220506009,24.0410152469758
IND436,436,1,436,-1.45727007915622,0.970865209222104,24.5577220506009,23.1004519714447
IND437,437,1,437,0.471629162390921,0.968825099824084,24.5577220506009,25.0293512129918
IND438,438,1,438,-4.79959801318548,0.968340527075918,24.5577220506009,19.7581240374154
IND439,439,1,439,-1.97123881265637,0.970636646572477,24.5577220506009,22.5864832379445
IND440,440,1,440,4.22912379432637,0.969689062295426,24.5577220506009,28.7868458449273
IND441,441,1,441,1.8921419497636,0.971080357628723,24.5577220506009,26.4498640003645
IND442,442,1,442,-1.32137335398519,0.969057790748517,24.5577220506009,23.2363486966157
IND443,443,1,443,-1.6945512044268,0.970064775222619,24.5577220506009,22.8631708461741
IND444,444,1,444,-0.720619274602968,0.969648440757781,24.5577220506009,23.8371027759979
IND445,445,1,445,-5.816954690273,0.96967466894693,24.5577220506009,18.7407673603279
IND446,446,1,446,1.1003308804309,0.96899160439655,24.5577220506009,25.6580529310318
IND447,447,1,447,0.96142099201228,0.969932934496935,24.5577220506009,25.5191430426132
IND448,448,1,448,0.0435125311582377,0.968688135192724,24.5577220506009,24.6012345817591
IND449,449,1,449,4.87157618556871,0.968278078506583,24.5577220506009,29.4292982361696
IND450,450,1,450,-2.31675680880289,0.971386185205897,24.5577220506009,22.240965241798
IND451,451,1,451,1.65828201736071,0.971654206398018,24.5577220506009,26.2160040679616
IND452,452,1,452,0.547300130767867,0.970127971712905,24.5577220506009,25.1050221813688
IND453,453,1,453,-1.27175820588171,0.970097938683312,24.5577220506009,23.2859638447192
IND454,454,1,454,-3.2499301265627,0.968865084498868,24.5577220506009,21.3077919240382
IND455,455,1,455,2.01733205546733,0.971182295418868,24.5577220506009,26.5750541060682
IND456,456,1,456,-1.97096444201363,0.970263574055161,24.5577220506009,22.5867576085873
IND457,457,1,457,2.09403789750032,0.971526681855116,24.5577220506009,26.6517599481012
IND458,458,1,458,-2.37008376505957,0.969601570459905,24.5577220506009,22.1876382855413
IND459,459,1,459,1.18202027948014,0.968257307205062,24.5577220506009,25.739742330081
IND460,460,1,460,-0.102074719146509,0.969219513953201,24.5577220506009,24.4556473314544
IND461,461,1,461,-0.216340358220388,0.971296672447678,24.5577220506009,24.3413816923805
IND462,462,1,462,-2.10289139377732,0.971426774983824,24.5577220506009,22.4548306568236
IND463,463,1,463,1.97860442124921,0.970563275360106,24.5577220506009,26.5363264718501
IND464,464,1,464,0.185094090558896,0.970150270600407,24.5577220506009,24.7428161411598
IND465,465,1,465,-2.55254478291159,0.970549332430381,24.5577220506009,22.0051772676893
IND466,466,1,466,1.35418816843754,0.96725981435253,24.5577220506009,25.9119102190384
IND467,467,1,467,0.0115719614374354,0.968744969673451,24.5577220506009,24.5692940120383
IND468,468,1,468,-2.24332208048224,0.969188531084715,24.5577220506009,22.3143999701187
IND469,469,1,469,0.471427801278525,0.96835732287088,24.5577220506009,25.0291498518794
IND470,470,1,470,0.413064602604833,0.969603238512595,24.5577220506009,24.9707866532057
IND471,471,1,471,-5.26340433489722,0.968766358441192,24.5577220506009,19.2943177157037
IND472,472,1,472,-0.913744890626353,0.96989467388673,24.5577220506009,23.6439771599745
IND473,473,1,473,-3.36791628800379,0.969978046115283,24.5577220506009,21.1898057625971
IND474,474,1,474,-1.42815677817802,0.970526774287082,24.5577220506009,23.1295652724229
IND475,475,1,475,-4.80348409518717,0.97108603688229,24.5577220506009,19.7542379554137
IND476,476,1,476,1.99009923049092,0.970743661511266,24.5577220506009,26.5478212810918
IND477,477,1,477,-4.88611454830606,0.969972553942074,24.5577220506009,19.6716075022948
IND478,478,1,478,-1.2431780593272,0.970060962311244,24.5577220506009,23.3145439912737
IND479,479,1,479,-5.06026184172131,0.970937920808904,24.5577220506009,19.4974602088796
IND480,480,1,480,2.37251829776702,0.969096547769957,24.5577220506009,26.9302403483679
IND481,481,1,481,-1.7489454872617,0.968463755441779,24.5577220506009,22.8087765633392
IND482,482,1,482,0.459648303432415,0.96998386209258,24.5577220506009,25.0173703540333
IND483,483,1,483,-1.72645068339168,0.96898462645939,24.5577220506009,22.8312713672092
IND484,484,1,484,-2.38266654619722,0.970387484510896,24.5577220506009,22.1750555044037
IND485,485,1,485,1.37782780294627,0.967774966218611,24.5577220506009,25.9355498535472
IND486,486,1,486,0.425374599800492,0.968775821856233,24.5577220506009,24.9830966504014
IND487,487,1,487,-1.20288010536011,0.97026833962979,24.5577220506009,23.3548419452408
IND488,488,1,488,1.51499273523135,0.968978091563845,24.5577220506009,26.0727147858323
IND489,489,1,489,3.50145521511069,0.969798521050184,24.5577220506009,28.0591772657116
IND490,490,1,490,2.43555488187537,0.969280105814049,24.5577220506009,26.9932769324763
IND491,491,1,491,0.772160756587255,0.97226039229948,24.5577220506009,25.3298828071882
IND492,492,1,492,-0.507814150355602,0.969891399103452,24.5577220506009,24.0499079002453
IND493,493,1,493,4.40776469780277,0.96911566446458,24.5577220506009,28.9654867484037
IND494,494,1,494,-2.83868989690844,0.971460261401976,24.5577220506009,21.7190321536925
IND495,495,1,495,0.470532052559219,0.96896697991227,24.5577220506009,25.0282541031601
IND496,496,1,496,-0.542743487649987,0.969299658986697,24.5577220506009,24.0149785629509
IND497,497,1,497,1.05381864308582,0.971154060779064,24.5577220506009,25.6115406936867
IND498,498,1,498,-0.36126290590544,0.968595229669065,24.5577220506009,24.1964591446955
IND499,499,1,499,-1.00763600211085,0.971537728019803,24.5577220506009,23.55008604849
IND500,500,1,500,5.29104380861946,0.969144796343843,24.5577220506009,29.8487658592204
IND501,501,1,501,3.22910256075864,0.970158547950613,24.5577220506009,27.7868246113595
IND502,502,1,502,3.61741931485878,0.970088684941181,24.5577220506009,28.1751413654597
IND503,503,1,503,2.39341951197198,0.969239580710019,24.5577220506009,26.9511415625729
IND504,504,1,504,-2.06794362623776,0.970405931054593,24.5577220506009,22.4897784243631
IND505,505,1,505,-2.10386169115963,0.968002651825033,24.5577220506009,22.4538603594413
IND506,506,1,506,1.37346173753522,0.97068381332386,24.5577220506009,25.9311837881361
IND507,507,1,507,-1.1383698497911,0.969764492989823,24.5577220506009,23.4193522008098
IND508,508,1,508,-0.888496363524557,0.96798907936711,24.5577220506009,23.6692256870763
IND509,509,1,509,0.257191265762888,0.968526565970779,24.5577220506009,24.8149133163638
IND510,510,1,510,3.71818749330813,0.968792302268903,24.5577220506009,28.275909543909
IND511,511,1,511,-1.1679873397871,0.970603685182703,24.5577220506009,23.3897347108138
IND512,512,1,512,0.512711355233576,0.970854654099541,24.5577220506009,25.0704334058345
IND513,513,1,513,4.33736523532889,0.969049786968272,24.5577220506009,28.8950872859298
IND514,514,1,514,1.52089613249585,0.970688153412274,24.5577220506009,26.0786181830968
IND515,515,1,515,1.5154825375511,0.971119934746629,24.5577220506009,26.073204588152
IND516,516,1,516,1.59255129775768,0.969274165473164,24.5577220506009,26.1502733483586
IND517,517,1,517,-1.12749114754321,0.970586751411309,24.5577220506009,23.4302309030577
IND518,518,1,518,2.51926734199892,0.970772346655318,24.5577220506009,27.0769893925998
IND519,519,1,519,-0.196260671110164,0.970800858580227,24.5577220506009,24.3614613794907
IND520,520,1,520,3.01796228046348,0.96951573345714,24.5577220506009,27.5756843310644
IND521,521,1,521,4.1920080453056,0.968579203330844,24.5577220506009,28.7497300959065
IND522,522,1,522,-3.89545643364588,0.968171937398335,24.5577220506009,20.662265616955
IND523,523,1,523,0.915067241946235,0.968558974347511,24.5577220506009,25.4727892925471
IND524,524,1,524,1.89014456069891,0.969164918842987,24.5577220506009,26.4478666112998
IND525,525,1,525,0.386275613937503,0.972403634269077,24.5577220506009,24.9439976645384
IND526,526,1,526,-0.365543068646281,0.969182348754711,24.5577220506009,24.1921789819546
IND527,527,1,527,5.70839605078928,0.971327097955776,24.5577220506009,30.2661181013902
IND528,528,1,528,-1.05008532258514,0.971236783644054,24.5577220506009,23.5076367280158
IND529,529,1,529,-3.32045028278127,0.968418485418444,24.5577220506009,21.2372717678196
IND530,530,1,530,0.404158531891621,0.969429616682405,24.5577220506009,24.9618805824925
IND531,531,1,531,-1.87289466598763,0.969142474044529,24.5577220506009,22.6848273846133
IND532,532,1,532,0.221842520285786,0.96981995204008,24.5577220506009,24.7795645708867
IND533,533,1,533,-1.35418197204861,0.971514788169452,24.5577220506009,23.2035400785523
IND534,534,1,534,-0.225141942667033,0.970618410825711,24.5577220506009,24.3325801079339
IND535,535,1,535,4.42557961296621,0.970998606561577,24.5577220506009,28.9833016635671
IND536,536,1,536,0.536043440355891,0.968846229370461,24.5577220506009,25.0937654909568
IND537,537,1,537,-2.7012807140291,0.96891441752298,24.5577220506009,21.8564413365718
IND538,538,1,538,-4.89832297025399,0.969680050180279,24.5577220506009,19.6593990803469
IND539,539,1,539,0.470829655628145,0.971414700444355,24.5577220506009,25.028551706229
IND540,540,1,540,0.823787951276684,0.966828082583104,24.5577220506009,25.3815100018776
IND541,541,1,541,-0.894372648564811,0.969123034222305,24.5577220506009,23.6633494020361
IND542,542,1,542,0.35206740937784,0.967880157961194,24.5577220506009,24.9097894599787
IND543,543,1,543,2.73055327827819,0.969650580230041,24.5577220506009,27.2882753288791
IND544,544,1,544,1.72759816409729,0.969782179619166,24.5577220506009,26.2853202146982
IND545,545,1,545,3.21134098629277,0.969604909268576,24.5577220506009,27.7690630368937
IND546,546,1,546,0.195229101784521,0.969908306011475,24.5577220506009,24.7529511523854
IND547,547,1,547,-1.46356275134148,0.97038432183433,24.5577220506009,23.0941592992594
IND548,548,1,548,-1.73382909293493,0.969113024082389,24.5577220506009,22.823892957666
IND549,549,1,549,1.09110321300474,0.969879228453133,24.5577220506009,25.6488252636056
IND550,550,1,550,0.936829560410509,0.97091436569224,24.5577220506009,25.4945516110114
IND551,551,1,551,0.44683288994383,0.971569622867305,24.5577220506009,25.0045549405447
IND552,552,1,552,-2.88844732111772,0.970585123067195,24.5577220506009,21.6692747294832
IND553,553,1,553,-3.52840262606575,0.971141589338686,24.5577220506009,21.0293194245352
IND554,554,1,554,1.0978661955623,0.970145042748788,24.5577220506009,25.6555882461632
IND555,555,1,555,0.169180863891995,0.970132020798975,24.5577220506009,24.7269029144929
IND556,556,1,556,-0.631068019371431,0.968917303067818,24.5577220506009,23.9266540312295
IND557,557,1,557,-0.412768511837321,0.970774187435546,24.5577220506009,24.1449535387636
IND558,558,1,558,1.11869634936558,0.968608583924367,24.5577220506009,25.6764183999665
IND559,559,1,559,-0.404912686215227,0.970780418217371,24.5577220506009,24.1528093643857
IND560,560,1,560,0.626528318637451,0.971529670247587,24.5577220506009,25.1842503692384
IND561,561,1,561,-1.98115154940159,0.969969831292262,24.5577220506009,22.5765705011993
IND562,562,1,562,1.21866691833481,0.96819901003835,24.5577220506009,25.7763889689357
IND563,563,1,563,1.02733394327336,0.968682742524938,24.5577220506009,25.5850559938743
IND564,564,1,564,1.15752982917372,0.970030009922102,24.5577220506009,25.7152518797746
IND565,565,1,565,0.779223272933038,0.970271975995998,24.5577220506009,25.3369453235339
IND566,566,1,566,-0.0929308591126847,0.968557486566027,24.5577220506009,24.4647911914882
IND567,567,1,567,-3.36302308011681,0.970420736972618,24.5577220506009,21.1946989704841
IND568,568,1,568,-1.64961858005399,0.969543168964661,24.5577220506009,22.9081034705469
IND569,569,1,569,-2.32211290595434,0.971975664545376,24.5577220506009,22.2356091446466
IND570,570,1,570,5.44401072765178,0.968198978895278,24.5577220506009,30.0017327782527
IND571,571,1,571,3.15141397919373,0.969876588253873,24.5577220506009,27.7091360297946
IND572,572,1,572,3.78378789943328,0.967548174007831,24.5577220506009,28.3415099500342
IND573,573,1,573,-2.78037507507559,0.969748391921871,24.5577220506009,21.7773469755253
IND574,574,1,574,-2.08962980286824,0.970496626851211,24.5577220506009,22.4680922477327
IND575,575,1,575,5.52864900844921,0.968229815224784,24.5577220506009,30.0863710590501
IND576,576,1,576,5.11794398700091,0.968649561272721,24.5577220506009,29.6756660376018
IND577,577,1,577,3.69661544690903,0.969262119238188,24.5577220506009,28.2543374975099
IND578,578,1,578,-1.47986819585883,0.970110213070115,24.5577220506009,23.0778538547421
IND579,579,1,579,-0.977310362890547,0.968981385170803,24.5577220506009,23.5804116877104
IND580,580,1,580,0.605046615529561,0.968920343681785,24.5577220506009,25.1627686661305
IND581,581,1,581,2.14053368083389,0.967872793064133,24.5577220506009,26.6982557314348
IND582,582,1,582,-1.15350378057489,0.970872422387291,24.5577220506009,23.404218270026
IND583,583,1,583,-1.79771368234762,0.971773206120904,24.5577220506009,22.7600083682533
IND584,584,1,584,5.25509203617022,0.969915070910217,24.5577220506009,29.8128140867711
IND585,585,1,585,-6.20729214271603,0.969973676965752,24.5577220506009,18.3504299078849
IND586,586,1,586,1.35971573217717,0.971133381985739,24.5577220506009,25.9174377827781
IND587,587,1,587,-4.97321796271234,0.971083942227232,24.5577220506009,19.5845040878886
IND588,588,1,588,4.09109989176747,0.969532942633542,24.5577220506009,28.6488219423684
IND589,589,1,589,2.45980903949901,0.970500677822714,24.5577220506009,27.0175310900999
IND590,590,1,590,4.6813432459682,0.971688825084706,24.5577220506009,29.2390652965691
IND591,591,1,591,-1.31315632306186,0.970625447160136,24.5577220506009,23.244565727539
IND592,592,1,592,4.56114446531109,0.969834394862122,24.5577220506009,29.118866515912
IND593,593,1,593,-0.618059870920429,0.969775016439036,24.5577220506009,23.9396621796805
IND594,594,1,594,-1.72945331975589,0.968846671617873,24.5577220506009,22.828268730845
IND595,595,1,595,1.21749164023399,0.96846963585304,24.5577220506009,25.7752136908349
IND596,596,1,596,2.50748813266236,0.968085533715247,24.5577220506009,27.0652101832633
IND597,597,1,597,-3.60238163544426,0.970479158605356,24.5577220506009,20.9553404151566
IND598,598,1,598,-0.924556636211919,0.970106735586536,24.5577220506009,23.633165414389
IND599,599,1,599,1.1303633109897,0.968091593244756,24.5577220506009,25.6880853615906
IND600,600,1,600,0.0462926495637284,0.969343704264294,24.5577220506009,24.6040147001646
IND601,601,1,601,-1.40407742247613,0.971414820463861,24.5577220506009,23.1536446281248
IND602,602,1,602,0.783336879702012,0.968892176839072,24.5577220506009,25.3410589303029
IND603,603,1,603,-2.7890591691601,0.970611430846391,24.5577220506009,21.7686628814408
IND604,604,1,604,-2.25974510852252,0.968368582132696,24.5577220506009,22.2979769420784
IND605,605,1,605,-0.447230844894027,0.968777692122392,24.5577220506009,24.1104912057069
IND606,606,1,606,-2.93423402105369,0.971099692817071,24.5577220506009,21.6234880295472
IND607,607,1,607,0.343560723359116,0.970361213840401,24.5577220506009,24.90128277396
IND608,608,1,608,0.228708261438692,0.969288165539086,24.5577220506009,24.7864303120396
IND609,609,1,609,1.32511137683367,0.969616283319789,24.5577220506009,25.8828334274346
IND610,610,1,610,-4.76287853040656,0.969004580703582,24.5577220506009,19.7948435201943
IND611,611,1,611,1.37475522249467,0.970405094623142,24.5577220506009,25.9324772730956
IND612,612,1,612,-2.98916473855633,0.968240008677192,24.5577220506009,21.5685573120446
IND613,613,1,613,0.68067314962696,0.969747347375335,24.5577220506009,25.2383952002279
IND614,614,1,614,2.00349978865117,0.970067775164193,24.5577220506009,26.5612218392521
IND615,615,1,615,-0.00442809598348891,0.96926849434069,24.5577220506009,24.5532939546174
IND616,616,1,616,1.25596594285879,0.969484888016561,24.5577220506009,25.8136879934597
IND617,617,1,617,-0.3438723318667,0.968100782729912,24.5577220506009,24.2138497187342
IND618,618,1,618,-0.330527040425119,0.969935035367762,24.5577220506009,24.2271950101758
IND619,619,1,619,0.238797410283166,0.969123724563676,24.5577220506009,24.7965194608841
IND620,620,1,620,1.09132190639592,0.96844490849378,24.5577220506009,25.6490439569968
IND621,621,1,621,-3.522624613841,0.967856093173125,24.5577220506009,21.0350974367599
IND622,622,1,622,-2.90483740496704,0.972949481086266,24.5577220506009,21.6528846456339
IND623,623,1,623,-3.60210255321875,0.969453696115213,24.5577220506009,20.9556194973821
IND624,624,1,624,-0.92241565233881,0.971490292559966,24.5577220506009,23.6353063982621
IND625,625,1,625,-4.52144862600607,0.969974089645186,24.5577220506009,20.0362734245948
IND626,626,1,626,-0.252632330722368,0.969292804737223,24.5577220506009,24.3050897198785
IND627,627,1,627,-0.641721809023322,0.970015452796033,24.5577220506009,23.9160002415776
IND628,628,1,628,2.17812879026952,0.969462593752285,24.5577220506009,26.7358508408704
IND629,629,1,629,-0.377258553768888,0.97032266109825,24.5577220506009,24.180463496832
IND630,630,1,630,0.207084543465455,0.969704862853904,24.5577220506009,24.7648065940664
IND631,631,1,631,-1.64698812607449,0.970229969264531,24.5577220506009,22.9107339245264
IND632,632,1,632,-3.73515679215125,0.969577580233858,24.5577220506009,20.8225652584497
IND633,633,1,633,-2.55163560307154,0.969650968751315,24.5577220506009,22.0060864475294
IND634,634,1,634,3.05564834003461,0.969900799961115,24.5577220506009,27.6133703906355
IND635,635,1,635,3.69738547281147,0.969454539991176,24.5577220506009,28.2551075234124
IND636,636,1,636,-1.26179328771838,0.970212937169929,24.5577220506009,23.2959287628825
IND637,637,1,637,2.57145764852075,0.9703191316023,24.5577220506009,27.1291796991216
IND638,638,1,638,-0.0123186377501962,0.96938497116672,24.5577220506009,24.5454034128507
IND639,639,1,639,-2.86865890867498,0.969353132389651,24.5577220506009,21.6890631419259
IND640,640,1,640,-1.30920906086373,0.971177825088991,24.5577220506009,23.2485129897372
IND641,641,1,641,-2.59454958260121,0.968124725108839,24.5577220506009,21.9631724679997
IND642,642,1,642,-1.67481407984513,0.969115392722855,24.5577220506009,22.8829079707558
IND643,643,1,643,-1.41329225465486,0.969744626118357,24.5577220506009,23.144429795946
IND644,644,1,644,-2.33154872208803,0.969471593243334,24.5577220506009,22.2261733285129
IND645,645,1,645,-5.2679995747573,0.969941751601786,24.5577220506009,19.2897224758436
IND646,646,1,646,2.87012234115346,0.970400484008259,24.5577220506009,27.4278443917544
IND647,647,1,647,0.840302995652077,0.969506899081828,24.5577220506009,25.398025046253
IND648,648,1,648,0.775898073042941,0.972188897233738,24.5577220506009,25.3336201236438
IND649,649,1,649,3.59560937342198,0.968988090964845,24.5577220506009,28.1533314240229
IND650,650,1,650,-1.99496821658693,0.968834053970522,24.5577220506009,22.562753834014
IND651,651,1,651,-2.62532171709999,0.969484196834156,24.5577220506009,21.9324003335009
IND652,652,1,652,-1.2178127184097,0.968849050845199,24.5577220506009,23.3399093321912
IND653,653,1,653,2.0326765823537,0.969831272861443,24.5577220506009,26.5903986329546
IND654,654,1,654,3.15574126096382,0.971402369528219,24.5577220506009,27.7134633115647
IND655,655,1,655,-1.55997737521636,0.968958028298381,24.5577220506009,22.9977446753845
IND656,656,1,656,0.867427898061439,0.969826220775072,24.5577220506009,25.4251499486623
IND657,657,1,657,0.529683218249274,0.97052747694962,24.5577220506009,25.0874052688502
IND658,658,1,658,2.79092016413192,0.968855900058087,24.5577220506009,27.3486422147328
IND659,659,1,659,2.46842390548724,0.969699835117946,24.5577220506009,27.0261459560881
IND660,660,1,660,-0.933645469839291,0.971355127138746,24.5577220506009,23.6240765807616
IND661,661,1,661,2.84852468073899,0.967615189804016,24.5577220506009,27.4062467313399
IND662,662,1,662,1.25949261236352,0.970143298058378,24.5577220506009,25.8172146629644
IND663,663,1,663,2.11670564212347,0.969561548351781,24.5577220506009,26.6744276927244
IND664,664,1,664,-0.900490743932406,0.970060237422059,24.5577220506009,23.6572313066685
IND665,665,1,665,0.424693107095534,0.968473290299799,24.5577220506009,24.9824151576964
IND666,666,1,666,-2.58407034900831,0.969349482020469,24.5577220506009,21.9736517015926
IND667,667,1,667,1.05686259078435,0.969800240560605,24.5577220506009,25.6145846413852
IND668,668,1,668,3.35993680146657,0.970658749917272,24.5577220506009,27.9176588520675
IND669,669,1,669,-4.01748270947269,0.970089760337738,24.5577220506009,20.5402393411282
IND670,670,1,670,3.51517669726779,0.969382668537479,24.5577220506009,28.0728987478687
IND671,671,1,671,-1.65943367907165,0.968913459621257,24.5577220506009,22.8982883715293
IND672,672,1,672,0.0275827758328509,0.971981010035496,24.5577220506009,24.5853048264338
IND673,673,1,673,-0.575439691218136,0.969302802877197,24.5577220506009,23.9822823593828
IND674,674,1,674,-2.85852963672065,0.968932260787458,24.5577220506009,21.6991924138802
IND675,675,1,675,0.7650798605573,0.970210825026648,24.5577220506009,25.3228019111582
IND676,676,1,676,1.1905860809504,0.970452215435321,24.5577220506009,25.7483081315513
IND677,677,1,677,-0.461274266710539,0.971184576214798,24.5577220506009,24.0964477838904
IND678,678,1,678,-1.633822878069,0.969024437302016,24.5577220506009,22.9238991725319
IND679,679,1,679,-2.64296112976072,0.96913694342182,24.5577220506009,21.9147609208402
IND680,680,1,680,0.453205783465837,0.969891080128368,24.5577220506009,25.0109278340667
IND681,681,1,681,-1.30667694733151,0.969981580218288,24.5577220506009,23.2510451032694
IND682,682,1,682,2.47088195828142,0.970004578991006,24.5577220506009,27.0286040088823
IND683,683,1,683,2.75756973876645,0.969700398767854,24.5577220506009,27.3152917893674
IND684,684,1,684,-0.109518586076031,0.969103417783327,24.5577220506009,24.4482034645249
IND685,685,1,685,1.88069705033933,0.969549677681764,24.5577220506009,26.4384191009402
IND686,686,1,686,0.989153127253159,0.968223276588943,24.5577220506009,25.5468751778541
IND687,687,1,687,3.54582620862288,0.971117294887048,24.5577220506009,28.1035482592238
IND688,688,1,688,-2.62106427704551,0.970069575608651,24.5577220506009,21.9366577735554
IND689,689,1,689,1.25851925278693,0.9703702473941,24.5577220506009,25.8162413033878
IND690,690,1,690,-0.253943023644053,0.96987974064076,24.5577220506009,24.3037790269568
IND691,691,1,691,3.90608644016936,0.969561379454978,24.5577220506009,28.4638084907703
IND692,692,1,692,5.05940243356482,0.969528510160768,24.5577220506009,29.6171244841657
IND693,693,1,693,3.03734571675131,0.96943168884997,24.5577220506009,27.5950677673522
IND694,694,1,694,-4.11285930728385,0.969401327541421,24.5577220506009,20.4448627433171
IND695,695,1,695,-0.214053769928638,0.969083835083885,24.5577220506009,24.3436682806723
IND696,696,1,696,-7.10413975856146,0.968023985358943,24.5577220506009,17.4535822920394
IND697,697,1,697,-0.86995990891999,0.970234904206006,24.5577220506009,23.6877621416809
IND698,698,1,698,1.73495634396927,0.96851431410683,24.5577220506009,26.2926783945702
IND699,699,1,699,-2.48375753604552,0.970716130534144,24.5577220506009,22.0739645145554
IND700,700,1,700,1.15945560484225,0.970614273195386,24.5577220506009,25.7171776554432
IND701,701,1,701,0.140948002218778,0.970385337350449,24.5577220506009,24.6986700528197
IND702,702,1,702,0.245953005298954,0.970287548455755,24.5577220506009,24.8036750558999
IND703,703,1,703,2.57648020775962,0.970465888259012,24.5577220506009,27.1342022583605
IND704,704,1,704,-2.65587869287374,0.969897907294472,24.5577220506009,21.9018433577272
IND705,705,1,705,-4.38121608073443,0.969081832608037,24.5577220506009,20.1765059698665
IND706,706,1,706,0.158372990260208,0.970284982654819,24.5577220506009,24.7160950408611
IND707,707,1,707,4.60291696655711,0.969489285567448,24.5577220506009,29.160639017158
IND708,708,1,708,-1.36691083689298,0.968655818554423,24.5577220506009,23.1908112137079
IND709,709,1,709,-3.63924887816012,0.968902128911661,24.5577220506009,20.9184731724408
IND710,710,1,710,-0.682863159251885,0.971010755652058,24.5577220506009,23.874858891349
IND711,711,1,711,0.244639851916578,0.968084127552526,24.5577220506009,24.8023619025175
IND712,712,1,712,-0.0592721644725552,0.969364528971414,24.5577220506009,24.4984498861283
IND713,713,1,713,1.23755557702036,0.969081866184769,24.5577220506009,25.7952776276213
IND714,714,1,714,-3.83365482373882,0.966652799568193,24.5577220506009,20.7240672268621
IND715,715,1,715,1.72729946138461,0.96915581649602,24.5577220506009,26.2850215119855
IND716,716,1,716,-2.79526955746105,0.967006587616731,24.5577220506009,21.7624524931399
IND717,717,1,717,-1.96731626777739,0.967761143572967,24.5577220506009,22.5904057828235
IND718,718,1,718,-1.64017860856757,0.970315191523238,24.5577220506009,22.9175434420333
IND719,719,1,719,2.76761151529491,0.969900097263668,24.5577220506009,27.3253335658958
IND720,720,1,720,-0.438322526059666,0.969956900763271,24.5577220506009,24.1193995245412
IND721,721,1,721,2.72525421673554,0.968232962960908,24.5577220506009,27.2829762673364
IND722,722,1,722,2.39610629595273,0.969050594877903,24.5577220506009,26.9538283465536
IND723,723,1,723,-4.25243951523392,0.969741045074807,24.5577220506009,20.305282535367
IND724,724,1,724,-2.03257060562421,0.970373056301382,24.5577220506009,22.5251514449767
IND725,725,1,725,2.10105537526942,0.969453416455704,24.5577220506009,26.6587774258703
IND726,726,1,726,1.98361923510918,0.97066700268573,24.5577220506009,26.5413412857101
IND727,727,1,727,0.194772188795956,0.970777740255658,24.5577220506009,24.7524942393969
IND728,728,1,728,3.97531827058039,0.967964417261087,24.5577220506009,28.5330403211813
IND729,729,1,729,-2.72982057403757,0.970947290091263,24.5577220506009,21.8279014765633
IND730,730,1,730,2.94353273959563,0.969971659494566,24.5577220506009,27.5012547901965
IND731,731,1,731,-0.852629154346583,0.969441001108957,24.5577220506009,23.7050928962543
IND732,732,1,732,-0.1896052790065,0.969951549299568,24.5577220506009,24.3681167715944
IND733,733,1,733,2.05039623914729,0.971751894410935,24.5577220506009,26.6081182897482
IND734,734,1,734,1.69790665525327,0.970069633572373,24.5577220506009,26.2556287058542
IND735,735,1,735,-1.94620058526949,0.970651656328927,24.5577220506009,22.6115214653314
IND736,736,1,736,-0.0206676685261251,0.9684827807585,24.5577220506009,24.5370543820748
IND737,737,1,737,-1.26945969356995,0.969774516111647,24.5577220506009,23.288262357031
IND738,738,1,738,-4.17619505962511,0.969927541691457,24.5577220506009,20.3815269909758
IND739,739,1,739,-2.41742556188601,0.969868420528149,24.5577220506009,22.1402964887149
IND740,740,1,740,-2.70294369160828,0.971365461109509,24.5577220506009,21.8547783589926
IND741,741,1,741,0.430097738314348,0.970319741520076,24.5577220506009,24.9878197889152
IND742,742,1,742,-3.57000479114094,0.969275256309247,24.5577220506009,20.98771725946
IND743,743,1,743,0.00157208812026347,0.969755989994708,24.5577220506009,24.5592941387212
IND744,744,1,744,0.220014791029017,0.969843802120907,24.5577220506009,24.7777368416299
IND745,745,1,745,5.6959086216146,0.970050556626305,24.5577220506009,30.2536306722155
IND746,746,1,746,1.53415405019601,0.969339150722662,24.5577220506009,26.0918761007969
IND747,747,1,747,1.50053332105961,0.971678025388477,24.5577220506009,26.0582553716605
IND748,748,1,748,-1.68337409313091,0.970055254798745,24.5577220506009,22.87434795747
IND749,749,1,749,-1.1069420523476,0.968298047920465,24.5577220506009,23.4507799982533
IND750,750,1,750,3.9365320756785,0.970022018815927,24.5577220506009,28.4942541262794
IND751,751,1,751,1.43129386255862,0.97012031200986,24.5577220506009,25.9890159131595
IND752,752,1,752,1.38608447855232,0.969059835531419,24.5577220506009,25.9438065291532
IND753,753,1,753,0.60597829577794,0.968649896991954,24.5577220506009,25.1637003463788
IND754,754,1,754,-3.9873455894382,0.971099255803868,24.5577220506009,20.5703764611627
IND755,755,1,755,2.32069450181426,0.968177918513887,24.5577220506009,26.8784165524152
IND756,756,1,756,3.87524551211781,0.969696595143631,24.5577220506009,28.4329675627187
IND757,757,1,757,4.32671611064834,0.969609867494754,24.5577220506009,28.8844381612492
IND758,758,1,758,-2.97791180959303,0.970484701314266,24.5577220506009,21.5798102410079
IND759,759,1,759,-0.634343275506645,0.972149045721958,24.5577220506009,23.9233787750943
IND760,760,1,760,-0.230959112049949,0.968336862081908,24.5577220506009,24.326762938551
IND761,761,1,761,0.955407029359851,0.969738052797604,24.5577220506009,25.5131290799608
IND762,762,1,762,-1.04209529802963,0.971087678368166,24.5577220506009,23.5156267525713
IND763,763,1,763,1.33628241237654,0.968943583359326,24.5577220506009,25.8940044629774
IND764,764,1,764,0.339530582613513,0.968055479462173,24.5577220506009,24.8972526332144
IND765,765,1,765,-0.0682494362698265,0.969694786910899,24.5577220506009,24.4894726143311
IND766,766,1,766,-5.84709168630244,0.969961667398252,24.5577220506009,18.7106303642985
IND767,767,1,767,3.59357369752918,0.971363177473893,24.5577220506009,28.1512957481301
IND768,768,1,768,1.69075964930734,0.970453862361744,24.5577220506009,26.2484816999082
IND769,769,1,769,3.57219244473875,0.970562729464835,24.5577220506009,28.1299144953397
IND770,770,1,770,3.05693799983025,0.970003960992315,24.5577220506009,27.6146600504311
IND771,771,1,771,3.57804813920474,0.968157946739767,24.5577220506009,28.1357701898056
IND772,772,1,772,-5.10749849788403,0.969824097441957,24.5577220506009,19.4502235527169
IND773,773,1,773,0.728825416811746,0.970263553546709,24.5577220506009,25.2865474674126
IND774,774,1,774,1.77701320085012,0.971455079873567,24.5577220506009,26.334735251451
IND775,775,1,775,4.54166947913157,0.970044667827328,24.5577220506009,29.0993915297325
IND776,776,1,776,-0.258528471941705,0.969741270769886,24.5577220506009,24.2991935786592
IND777,777,1,777,2.1204907005055,0.970629163752707,24.5577220506009,26.6782127511064
IND778,778,1,778,-5.53166647356,0.967906475403052,24.5577220506009,19.0260555770409
IND779,779,1,779,1.68568879236788,0.969805000285243,24.5577220506009,26.2434108429688
IND780,780,1,780,-2.61036797758018,0.968833180858251,24.5577220506009,21.9473540730207
IND781,781,1,781,-0.20359043584929,0.969758734778041,24.5577220506009,24.3541316147516
IND782,782,1,782,2.45325727724586,0.969811814246486,24.5577220506009,27.0109793278468
IND783,783,1,783,-0.169498344696869,0.96921610819307,24.5577220506009,24.388223705904
IND784,784,1,784,3.27953624918538,0.969466772146476,24.5577220506009,27.8372582997863
IND785,785,1,785,-2.9990322344514,0.971998649602521,24.5577220506009,21.5586898161495
IND786,786,1,786,-1.12442941189652,0.970452050124416,24.5577220506009,23.4332926387044
IND787,787,1,787,-1.00514891891778,0.968443909139791,24.5577220506009,23.5525731316831
IND788,788,1,788,4.72736029793332,0.970583507306369,24.5577220506009,29.2850823485342
IND789,789,1,789,0.0840080695989076,0.970791244034986,24.5577220506009,24.6417301201998
IND790,790,1,790,-1.98018663956313,0.969884838774195,24.5577220506009,22.5775354110378
IND791,791,1,791,1.14599202417794,0.970269632994068,24.5577220506009,25.7037140747788
IND792,792,1,792,-3.85163791332036,0.969479358518292,24.5577220506009,20.7060841372805
IND793,793,1,793,2.22470377920135,0.971020847984229,24.5577220506009,26.7824258298022
IND794,794,1,794,5.17354474776414,0.970215914467065,24.5577220506009,29.731266798365
IND795,795,1,795,3.79591865099688,0.970066321415996,24.5577220506009,28.3536407015978
IND796,796,1,796,-3.08326582626669,0.969072078786725,24.5577220506009,21.4744562243342
IND797,797,1,797,-4.00984904622213,0.97018109549903,24.5577220506009,20.5478730043788
IND798,798,1,798,0.389240757935504,0.969311749744791,24.5577220506009,24.9469628085364
IND799,799,1,799,-0.71260421574687,0.970041636661943,24.5577220506009,23.845117834854
IND800,800,1,800,2.617213611469,0.968124545667141,24.5577220506009,27.1749356620699
IND801,801,1,801,-0.726499441726051,0.970112868805548,24.5577220506009,23.8312226088748
IND802,802,1,802,-0.546277838883115,0.970386991492415,24.5577220506009,24.0114442117178
IND803,803,1,803,-1.66922542656477,0.970982320258864,24.5577220506009,22.8884966240361
IND804,804,1,804,1.08002447783334,0.970937833408272,24.5577220506009,25.6377465284342
IND805,805,1,805,-0.342876397534025,0.971446172343233,24.5577220506009,24.2148456530669
IND806,806,1,806,-5.64763060305522,0.969705618886995,24.5577220506009,18.9100914475457
IND807,807,1,807,-1.4405601028436,0.969331312224107,24.5577220506009,23.1171619477573
IND808,808,1,808,0.360803697729713,0.971433333417119,24.5577220506009,24.9185257483306
IND809,809,1,809,3.94179235199591,0.970158408025141,24.5577220506009,28.4995144025968
IND810,810,1,810,0.0090514226763236,0.968641069219927,24.5577220506009,24.5667734732772
IND811,811,1,811,0.363861918079794,0.969594935813242,24.5577220506009,24.9215839686807
IND812,812,1,812,0.959170615237406,0.969382855692619,24.5577220506009,25.5168926658383
IND813,813,1,813,0.45796258221736,0.968924817913104,24.5577220506009,25.0156846328183
IND814,814,1,814,1.74696984163732,0.97137874935148,24.5577220506009,26.3046918922382
IND815,815,1,815,3.25438429966348,0.971888917082783,24.5577220506009,27.8121063502644
IND816,816,1,816,-2.3168121433392,0.969950743133567,24.5577220506009,22.2409099072617
IND817,817,1,817,2.75837204900892,0.968221541090151,24.5577220506009,27.3160940996098
IND818,818,1,818,-7.22234464588442,0.969087358179816,24.5577220506009,17.3353774047165
IND819,819,1,819,0.035186827310165,0.970711714237456,24.5577220506009,24.5929088779111
IND820,820,1,820,3.62404514450012,0.969724829628222,24.5577220506009,28.181767195101
IND821,821,1,821,-0.0804106825822203,0.969212902831033,24.5577220506009,24.4773113680187
IND822,822,1,822,-2.42189526206748,0.969486601414474,24.5577220506009,22.1358267885334
IND823,823,1,823,2.02461851886712,0.971191766211017,24.5577220506009,26.582340569468
IND824,824,1,824,3.3331066881073,0.971150881904081,24.5577220506009,27.8908287387082
IND825,825,1,825,2.47030656176,0.970364792172086,24.5577220506009,27.0280286123609
IND826,826,1,826,-1.84250565933707,0.968076875939457,24.5577220506009,22.7152163912638
IND827,827,1,827,-0.0543535331410461,0.969389363028458,24.5577220506009,24.5033685174599
IND828,828,1,828,-0.723779123777776,0.969271753908074,24.5577220506009,23.8339429268231
IND829,829,1,829,-0.508030637750932,0.971155119118256,24.5577220506009,24.04969141285
IND830,830,1,830,0.876294566449532,0.969582283095037,24.5577220506009,25.4340166170504
IND831,831,1,831,-0.044853229497234,0.970826709273231,24.5577220506009,24.5128688211037
IND832,832,1,832,-5.47030370572497,0.971242630130937,24.5577220506009,19.0874183448759
IND833,833,1,833,-2.05575165363848,0.969696195228585,24.5577220506009,22.5019703969624
IND834,834,1,834,-5.83913910174647,0.970828258216509,24.5577220506009,18.7185829488544
IND835,835,1,835,2.17245951125575,0.968298983008643,24.5577220506009,26.7301815618567
IND836,836,1,836,-1.72261963771673,0.968589118058905,24.5577220506009,22.8351024128842
IND837,837,1,837,1.466293930957,0.970381435164751,24.5577220506009,26.0240159815579
IND838,838,1,838,2.42421626444359,0.969156406843285,24.5577220506009,26.9819383150445
IND839,839,1,839,0.964619866605819,0.968189192282427,24.5577220506009,25.5223419172067
IND840,840,1,840,2.65075705419973,0.970368492481134,24.5577220506009,27.2084791048006
IND841,841,1,841,1.78841533047991,0.968690979941891,24.5577220506009,26.3461373810808
IND842,842,1,842,3.63310607989437,0.970056113708497,24.5577220506009,28.1908281304953
IND843,843,1,843,-0.977390935663563,0.967123772715102,24.5577220506009,23.5803311149373
IND844,844,1,844,0.00575426080084444,0.96977238575102,24.5577220506009,24.5634763114017
IND845,845,1,845,1.2060892913001,0.970552789175845,24.5577220506009,25.763811341901
IND846,846,1,846,-3.7409684265231,0.971581017548894,24.5577220506009,20.8167536240778
IND847,847,1,847,4.82136611490732,0.97018928600912,24.5577220506009,29.3790881655082
IND848,848,1,848,3.05976636828361,0.969711237889331,24.5577220506009,27.6174884188845
IND849,849,1,849,1.77278283546344,0.968844462053678,24.5577220506009,26.3305048860643
IND850,850,1,850,0.280236164131522,0.971207663540388,24.5577220506009,24.8379582147324
IND851,851,1,851,3.24608401392949,0.970292645493791,24.5577220506009,27.8038060645304
IND852,852,1,852,-3.30764891899112,0.97081079796555,24.5577220506009,21.2500731316098
IND853,853,1,853,1.72031197276391,0.968362657663141,24.5577220506009,26.2780340233648
IND854,854,1,854,1.27089313543307,0.969694738939701,24.5577220506009,25.828615186034
IND855,855,1,855,-4.15175556157174,0.968740439340817,24.5577220506009,20.4059664890292
IND856,856,1,856,-2.95381243185394,0.968666771237161,24.5577220506009,21.603909618747
IND857,857,1,857,0.508765026110711,0.969354463492138,24.5577220506009,25.0664870767116
IND858,858,1,858,0.29314283729593,0.969533255298836,24.5577220506009,24.8508648878968
IND859,859,1,859,-0.908250468200802,0.969228143663141,24.5577220506009,23.6494715824001
IND860,860,1,860,-9.18620703712777,0.969799119387147,24.5577220506009,15.3715150134731
IND861,861,1,861,-2.15423153249271,0.970607421381992,24.5577220506009,22.4034905181082
IND862,862,1,862,-1.50827336914691,0.970054771075259,24.5577220506009,23.049448681454
IND863,863,1,863,0.505032531865188,0.971436353566538,24.5577220506009,25.0627545824661
IND864,864,1,864,1.23520266910338,0.970556967547576,24.5577220506009,25.7929247197043
IND865,865,1,865,-3.28615716278952,0.970141546867484,24.5577220506009,21.2715648878114
IND866,866,1,866,4.92631987198649,0.969087713482189,24.5577220506009,29.4840419225874
IND867,867,1,867,-1.40215189752748,0.969447929760047,24.5577220506009,23.1555701530734
IND868,868,1,868,1.43074635102609,0.968693850036295,24.5577220506009,25.988468401627
IND869,869,1,869,5.41142845278123,0.971002189544977,24.5577220506009,29.9691505033821
IND870,870,1,870,0.51840483511454,0.968327794444732,24.5577220506009,25.0761268857154
IND871,871,1,871,5.10108953039115,0.969344581554282,24.5577220506009,29.6588115809921
IND872,872,1,872,-1.83866283268062,0.969887598169321,24.5577220506009,22.7190592179203
IND873,873,1,873,1.97450038014073,0.970411030439287,24.5577220506009,26.5322224307416
IND874,874,1,874,-0.92734855613615,0.969817002210769,24.5577220506009,23.6303734944648
IND875,875,1,875,-2.9328110326998,0.969848848809776,24.5577220506009,21.6249110179011
IND876,876,1,876,-1.9654830686233,0.969102554852955,24.5577220506009,22.5922389819776
IND877,877,1,877,-2.15593982254814,0.969609843049939,24.5577220506009,22.4017822280528
IND878,878,1,878,5.20552120672845,0.969595731694742,24.5577220506009,29.7632432573293
IND879,879,1,879,-2.51728587806651,0.968330839561907,24.5577220506009,22.0404361725344
IND880,880,1,880,3.51805609327451,0.96858185101847,24.5577220506009,28.0757781438754
IND881,881,1,881,2.23123785169208,0.967766453127931,24.5577220506009,26.788959902293
IND882,882,1,882,-1.10030942722177,0.970017823941697,24.5577220506009,23.4574126233791
IND883,883,1,883,-1.8978523234718,0.972060935139923,24.5577220506009,22.6598697271291
IND884,884,1,884,3.93103656847061,0.971478609300426,24.5577220506009,28.4887586190715
IND885,885,1,885,-6.78673693864624,0.97151219989431,24.5577220506009,17.7709851119547
IND886,886,1,886,1.04935960195366,0.969329938844196,24.5577220506009,25.6070816525546
IND887,887,1,887,1.03610767147583,0.96844807844777,24.5577220506009,25.5938297220767
IND888,888,1,888,-0.108516583783207,0.968535556562252,24.5577220506009,24.4492054668177
IND889,889,1,889,2.318575022341,0.969152004039939,24.5577220506009,26.8762970729419
IND890,890,1,890,-6.48299598226655,0.971157953386568,24.5577220506009,18.0747260683344
IND891,891,1,891,-0.853644467959987,0.968171002648455,24.5577220506009,23.7040775826409
IND892,892,1,892,-6.57451983417557,0.971507954139082,24.5577220506009,17.9832022164253
IND893,893,1,893,2.55793984491242,0.970199715837614,24.5577220506009,27.1156618955133
IND894,894,1,894,0.795097926955915,0.970095051663272,24.5577220506009,25.3528199775568
IND895,895,1,895,2.09850208205012,0.968756208097369,24.5577220506009,26.656224132651
IND896,896,1,896,-1.19731146294964,0.970822144572572,24.5577220506009,23.3604105876513
IND897,897,1,897,2.7451866963338,0.969889218820775,24.5577220506009,27.3029087469347
IND898,898,1,898,-0.130722571224157,0.970772771386789,24.5577220506009,24.4269994793767
IND899,899,1,899,-0.304394602972951,0.968110515606473,24.5577220506009,24.2533274476279
IND900,900,1,900,-0.775060920935144,0.970183239764541,24.5577220506009,23.7826611296658
IND901,901,1,901,0.354345610118885,0.96888564104577,24.5577220506009,24.9120676607198
IND902,902,1,902,0.992523300865995,0.969512879209124,24.5577220506009,25.5502453514669
IND903,903,1,903,-2.95382358101985,0.970301133040458,24.5577220506009,21.6038984695811
IND904,904,1,904,1.4419648107953,0.969028940616781,24.5577220506009,25.9996868613962
IND905,905,1,905,4.57110728866071,0.969653863658483,24.5577220506009,29.1288293392616
IND906,906,1,906,3.73674726772527,0.968898719935519,24.5577220506009,28.2944693183262
IND907,907,1,907,1.0090638292556,0.971595870827539,24.5577220506009,25.5667858798565
IND908,908,1,908,2.5892788834765,0.969942192726095,24.5577220506009,27.1470009340774
IND909,909,1,909,-3.99447160380296,0.968380826499828,24.5577220506009,20.5632504467979
IND910,910,1,910,0.618500154879987,0.96776252153554,24.5577220506009,25.1762222054809
IND911,911,1,911,1.54550417229981,0.970906911062298,24.5577220506009,26.1032262229007
IND912,912,1,912,-1.3361627688274,0.967852556349752,24.5577220506009,23.2215592817735
IND913,913,1,913,-4.16206872231957,0.970608751963075,24.5577220506009,20.3956533282813
IND914,914,1,914,-0.342572385728944,0.968521598559217,24.5577220506009,24.215149664872
IND915,915,1,915,2.02492664561084,0.971440520542662,24.5577220506009,26.5826486962117
IND916,916,1,916,-0.824756140161757,0.968897690206381,24.5577220506009,23.7329659104391
IND917,917,1,917,-4.17480117530773,0.96794392273676,24.5577220506009,20.3829208752932
IND918,918,1,918,1.44272234654435,0.969899660542283,24.5577220506009,26.0004443971452
IND919,919,1,919,-1.18490894794321,0.969141124544418,24.5577220506009,23.3728131026577
IND920,920,1,920,-0.362097444777808,0.968806610857292,24.5577220506009,24.1956246058231
IND921,921,1,921,-2.83740100019235,0.968995750878279,24.5577220506009,21.7203210504086
IND922,922,1,922,4.68038404431568,0.970606792512296,24.5577220506009,29.2381060949166
IND923,923,1,923,-0.209713956701941,0.969644672763527,24.5577220506009,24.348008093899
IND924,924,1,924,-0.917003920301591,0.969165634813082,24.5577220506009,23.6407181302993
IND925,925,1,925,-3.73166211972401,0.970488186692573,24.5577220506009,20.8260599308769
IND926,926,1,926,-0.846193970423989,0.969613302598482,24.5577220506009,23.7115280801769
IND927,927,1,927,-1.89161315110969,0.970683713682985,24.5577220506009,22.6661088994912
IND928,928,1,928,-2.96203147428843,0.971847803275194,24.5577220506009,21.5956905763125
IND929,929,1,929,1.37178824921598,0.968284998303332,24.5577220506009,25.9295102998169
IND930,930,1,930,3.39599667810672,0.968876166831855,24.5577220506009,27.9537187287076
IND931,931,1,931,3.12608239444319,0.968095481012049,24.5577220506009,27.6838044450441
IND932,932,1,932,3.6191585501141,0.969890329383952,24.5577220506009,28.176880600715
IND933,933,1,933,-2.35300231905111,0.969331198944687,24.5577220506009,22.2047197315498
IND934,934,1,934,1.38591409853954,0.970846426968532,24.5577220506009,25.9436361491404
IND935,935,1,935,6.51440269593966,0.970190583846423,24.5577220506009,31.0721247465406
IND936,936,1,936,-0.0794757479037974,0.970261341592682,24.5577220506009,24.4782463026971
IND937,937,1,937,-0.950660439580416,0.968830874829953,24.5577220506009,23.6070616110205
IND938,938,1,938,-2.68099342228628,0.96919752527845,24.5577220506009,21.8767286283146
IND939,939,1,939,-0.215729111547318,0.967872991263644,24.5577220506009,24.3419929390536
IND940,940,1,940,-2.9832343509075,0.969055352633066,24.5577220506009,21.5744876996934
IND941,941,1,941,0.915533980469769,0.96824840957446,24.5577220506009,25.4732560310707
IND942,942,1,942,-3.36170302537456,0.970077739135339,24.5577220506009,21.1960190252263
IND943,943,1,943,1.72406520313858,0.96889747454424,24.5577220506009,26.2817872537395
IND944,944,1,944,-4.94328890192864,0.969714877153699,24.5577220506009,19.6144331486723
IND945,945,1,945,3.28013135536234,0.969224445637006,24.5577220506009,27.8378534059632
IND946,946,1,946,-3.49964788311076,0.971021663427656,24.5577220506009,21.0580741674901
IND947,947,1,947,2.27690280907697,0.971492826766071,24.5577220506009,26.8346248596779
IND948,948,1,948,0.57110140542635,0.968828565045035,24.5577220506009,25.1288234560273
IND949,949,1,949,0.824221390472069,0.969435676217944,24.5577220506009,25.381943441073
IND950,950,1,950,-3.92304422414743,0.968637122868942,24.5577220506009,20.6346778264535
IND951,951,1,951,2.52841881947736,0.97024065190742,24.5577220506009,27.0861408700783
IND952,952,1,952,-5.94062475785562,0.972696998065054,24.5577220506009,18.6170972927453
IND953,953,1,953,2.25449223378913,0.968707034007868,24.5577220506009,26.81221428439
IND954,954,1,954,0.952882035140109,0.971427996564807,24.5577220506009,25.510604085741
IND955,955,1,955,-3.54267872340429,0.970752783290351,24.5577220506009,21.0150433271966
IND956,956,1,956,-1.5791008974415,0.968987541844857,24.5577220506009,22.9786211531594
IND957,957,1,957,-1.31808701993511,0.968581530439539,24.5577220506009,23.2396350306658
IND958,958,1,958,-0.917682168107181,0.969223447526555,24.5577220506009,23.6400398824937
IND959,959,1,959,-4.61515084629698,0.971392171753352,24.5577220506009,19.9425712043039
IND960,960,1,960,-2.31136189274132,0.968424401420972,24.5577220506009,22.2463601578596
IND961,961,1,961,-1.01913144671331,0.96830418596419,24.5577220506009,23.5385906038876
IND962,962,1,962,3.3812437816297,0.970211838580758,24.5577220506009,27.9389658322306
IND963,963,1,963,-2.27896863282395,0.972318139835165,24.5577220506009,22.278753417777
IND964,964,1,964,-4.0090401446213,0.969032658369874,24.5577220506009,20.5486819059796
IND965,965,1,965,1.72705063726984,0.967718701251937,24.5577220506009,26.2847726878707
IND966,966,1,966,-3.04828009990325,0.96922717348881,24.5577220506009,21.5094419506976
IND967,967,1,967,-2.25487301301103,0.968415219803134,24.5577220506009,22.3028490375899
IND968,968,1,968,0.175001170961439,0.970300413890503,24.5577220506009,24.7327232215623
IND969,969,1,969,-0.185386098295096,0.97119832376726,24.5577220506009,24.3723359523058
IND970,970,1,970,2.73072468561552,0.972568077373242,24.5577220506009,27.2884467362164
IND971,971,1,971,-0.297002135964994,0.969128850912912,24.5577220506009,24.2607199146359
IND972,972,1,972,-1.46329831251481,0.971141862478173,24.5577220506009,23.0944237380861
IND973,973,1,973,1.34547101873368,0.9698027848407,24.5577220506009,25.9031930693346
IND974,974,1,974,0.0576299909069092,0.971748914739818,24.5577220506009,24.6153520415078
IND975,975,1,975,0.286490816268201,0.969123801674667,24.5577220506009,24.8442128668691
IND976,976,1,976,0.564925807345546,0.970322332885321,24.5577220506009,25.1226478579464
IND977,977,1,977,-0.226265628160258,0.968849777270522,24.5577220506009,24.3314564224406
IND978,978,1,978,1.45547421206274,0.969157995160862,24.5577220506009,26.0131962626636
IND979,979,1,979,-2.69296273532537,0.968527655773678,24.5577220506009,21.8647593152755
IND980,980,1,980,-0.392312578816039,0.969652798679716,24.5577220506009,24.1654094717849
IND981,981,1,981,-1.14379052341293,0.969530199610386,24.5577220506009,23.413931527188
IND982,982,1,982,2.98697965498721,0.969445021986323,24.5577220506009,27.5447017055881
IND983,983,1,983,0.311055142151832,0.970880039175346,24.5577220506009,24.8687771927527
IND984,984,1,984,0.651430927312512,0.97101782282995,24.5577220506009,25.2091529779134
IND985,985,1,985,-1.07915414768336,0.969675625256439,24.5577220506009,23.4785679029175
IND986,986,1,986,-4.62954646531842,0.968328433901559,24.5577220506009,19.9281755852825
IND987,987,1,987,-2.44787359384917,0.971124112524776,24.5577220506009,22.1098484567517
IND988,988,1,988,-3.66840368819213,0.968453007644479,24.5577220506009,20.8893183624088
IND989,989,1,989,-1.86628378416648,0.9703463429915,24.5577220506009,22.6914382664344
IND990,990,1,990,-0.270907043616756,0.968145688362256,24.5577220506009,24.2868150069841
IND991,991,1,991,0.966421812929659,0.968138472845132,24.5577220506009,25.5241438635306
IND992,992,1,992,0.831835113170002,0.970186786028837,24.5577220506009,25.3895571637709
IND993,993,1,993,4.52558413061779,0.97148650831073,24.5577220506009,29.0833061812187
IND994,994,1,994,0.213237563236142,0.969328728565823,24.5577220506009,24.770959613837
IND995,995,1,995,0.0671875057752847,0.967215211412728,24.5577220506009,24.6249095563762
IND996,996,1,996,1.1059291931023,0.96943292750828,24.5577220506009,25.6636512437032
IND997,997,1,997,-3.20116323767898,0.969728014698517,24.5577220506009,21.3565588129219
IND998,998,1,998,-0.97024151988882,0.971066940044393,24.5577220506009,23.5874805307121
IND999,999,1,999,-0.128465899223489,0.96854604997379,24.5577220506009,24.4292561513774
IND1000,1000,1,1000,4.66131542434457,0.969331975396205,24.5577220506009,29.2190374749455
